# Qwen3.5/3.6/3.8 (248320-token vocab) token ids ranked by frequency, for --spec-draft-vocab-file.
# Source: 9688843 tokens from text disjoint from perf-lab harness/corpus/decode_kld.txt:
#   python3 stdlib subpackage files (depth >= 2, no tests), /usr/share/doc (first 12 MB of changelogs/READMEs),
#   first 12 MB of the mimir/vor/patchtrace git-tracked sources and docs. Ties broken by ascending id.
# Tokenized with Qwen3.8-27B-Q6_K.gguf vocab (no BOS, no special parsing). One id per line, most frequent first.
198
15
220
13
17
11
16
18
21
19
25
22
20
24
262
279
271
8
12
23
318
285
264
60
328
14
197
369
653
14320
283
58
87
310
321
44465
348
27998
43335
313
1510
345
303
63
487
26
76
73
406
364
6
1
9
1590
437
361
314
471
4506
35222
29
309
256
424
735
1411
67
19393
70476
524
383
413
257
359
1892
64
638
92
553
66
65
434
1049
5031
440
574
4535
494
579
31
69
421
6768
1660
30476
460
68
430
17643
7
877
42951
713
1174
82
10
561
333
363
388
1385
478
2972
45315
28
381
411
449
498
539
17574
89059
52
84
513
12327
1025
874
332
466
320
2
748
1137
696
1126
593
91
799
504
687
1153
29120
670
420
1100
3748
1659
2061
7295
10219
886
9710
506
948
681
803
48117
716
864
47543
46287
4876
999
357
62
1132
7561
491
2604
28916
74645
869
290
85
331
50
4071
2168
66273
628
958
3082
1228
1141
49840
682
17464
14755
2231
1381
6813
660
34
1170
493
2313
37
37993
330
1414
2124
35
621
30703
1478
8630
4616
1752
1558
578
3336
2572
70
464
79
557
351
871
914
55
52011
3720
1856
293
1056
1581
4961
913
33
32
276
26909
74
2390
2953
1074
1788
25252
1152
77
795
81
3041
1328
3170
286
2849
378
535
1301
75
19114
1061
2454
1358
668
819
1542
1103
13998
265
2713
1981
19350
2100
89
23412
1429
745
791
709
9026
1114
1870
417
984
672
1271
548
72
763
1765
272
950
380
907
1412
727
1761
2496
1719
1396
36
1610
694
2243
4277
973
27653
850
884
311
830
2904
8925
2081
49
1148
1503
4884
1913
585
606
804
599
42741
591
64700
4903
701
350
976
1284
74130
11069
866
2993
1118
274
86
641
4034
1368
1330
469
1259
7170
27718
1794
760
596
992
1500
2205
3669
42
4084
83
3203
87659
4673
258
326
2933
10168
414
550
1562
1324
1902
1092
1005
462
1083
476
632
4404
1518
44
1000
1401
426
57229
4598
975
1970
2349
1238
1311
338
1138
3108
3425
615
20668
6277
9251
1990
488
636
2423
943
2600
5224
470
90
1784
80
1528
436
40352
1142
295
565
5722
2865
523
2083
387
1067
5039
92755
6688
508
731
1426
1104
401
1380
5497
6012
71093
8313
680
20633
629
281
3449
3728
47681
159029
4161
4666
306
8057
47726
835
3676
4779
3537
343
1705
4203
837
1220
1094
16221
51
1779
560
299
1179
777
261
36725
423
47
2582
3756
854
824
53
11965
4536
2215
43
4370
10466
458
1070
427
496
867
292
353
4147
3575
2450
646
3644
4722
11521
1724
2107
482
834
4608
8549
11591
27858
1876
622
2568
931
2653
1120
1638
71
1532
23942
0
278
1440
4
1973
18583
443
720
635
396
41748
69217
4692
53069
50910
1364
1785
447
80100
88305
1017
1189
533
1172
287
2397
3158
284
1754
8955
1332
1716
847
1576
4874
944
2404
3237
3359
1048
14022
1345
3165
2674
710
1608
2830
3578
57
307
2002
5272
587
1156
429
2306
1236
3525
7838
2090
567
12168
4757
5842
1331
781
2958
24200
27
263
2000
13512
25294
1676
88
2578
1146
1479
2193
685
16899
365
31520
4029
5675
9609
652
1521
13962
12424
5376
11406
978
28602
4180
1249
4202
2024
297
888
4045
2923
989
4021
743
7937
620
2424
14934
1105
1727
54381
324
14044
36087
280
78
1865
6761
3421
9306
4430
1617
71483
1723
1809
4108
2117
2561
1077
2444
26042
9430
1483
36066
7110
3118
1654
54
386
6676
4306
2222
3581
366
951
63187
95612
809
1425
6025
2251
2195
259
382
1257
1224
6622
1787
19455
327
58535
7606
883
38
2552
3464
4746
4162
4520
9136
4241
4417
1010
3083
3842
9496
8758
30
878
1395
2343
269
1117
1272
4633
851
1472
2519
31789
40
2468
2805
86181
50470
2149
6698
922
27049
1159
25848
442
784
1402
2407
1795
925
1445
3817
3405
1068
1223
2070
2272
12619
4826
12836
22019
1535
2739
73052
1898
2294
1354
56
39
739
6687
2556
1771
12842
5474
2144
9333
3357
16451
2912
2267
1989
2957
34352
604
3364
1428
1147
3451
6129
554
3136
9584
1551
403
2136
1151
1670
6212
906
8484
2534
4792
594
44675
2428
4406
1453
54712
3470
26655
4841
2018
528
2075
3402
1628
22545
6228
152738
2047
2211
1857
1879
2235
3174
93
2250
12207
53439
446
2319
827
82583
673
2400
8127
1906
1245
6711
514
49197
1040
3274
5617
8046
5946
853
529
2543
5530
15956
31530
1089
6385
1323
1932
1350
4433
887
3074
372
3067
1887
3439
1267
6679
2308
26587
2128
1622
21244
1321
6136
2048
40551
5653
3294
3309
2967
7374
4691
7167
5787
3131
5876
1702
16759
816
998
16985
5438
6354
13685
4456
304
1803
2420
10270
3443
46
715
4181
797
2192
2312
1818
6787
8255
288
4955
5350
6268
2233
45
5024
3193
12558
4682
13766
723
2381
4179
6681
1293
260
1877
1076
354
8213
1560
1756
25165
2186
1669
467
3568
1436
2772
4479
2560
1113
3559
14670
1830
935
1791
2255
76281
4087
974
5639
4265
5138
7652
2663
10379
6040
4243
1095
21112
12513
1757
7099
4220
8097
4523
1543
657
1602
1958
8678
3689
4860
8866
836
2846
627
5728
7141
2590
18156
3755
592
3812
5832
312
2448
889
2086
71191
275
4458
1455
6250
1698
4343
13039
1652
1764
3614
6942
2394
5515
51392
9640
34065
1658
2738
54265
1822
428
3579
1042
7997
48
4058
5533
3745
10481
2488
6064
20174
1690
2198
2467
3921
6458
4268
1484
2940
79816
4881
5016
895
1954
2880
613
38235
1144
2646
5368
4613
3314
5740
1439
20923
4787
268
1866
400
2353
15339
3749
6526
11979
80490
997
6951
53030
2574
9627
457
1423
3375
390
11118
2512
15243
23287
6513
3835
3254
846
1992
57208
3139
4494
2492
62929
300
2640
732
4924
16526
1021
2741
1304
30667
2410
5331
74927
341
6560
44829
7148
1919
2548
7734
807
5242
2623
8635
89060
3622
2119
38197
5020
267
329
3129
7601
8058
2557
733
2706
2892
5165
6818
5772
59
1459
2202
2980
12237
17479
3759
4235
698
967
510
27567
5896
362
1066
3508
3899
2877
534
1734
2059
17503
3545
17587
44245
1363
25689
729
3924
829
577
7846
391
2781
15015
1881
3145
4221
516
7267
1536
6995
5584
1623
13780
1290
1349
1817
2913
1371
1362
11765
2736
2085
7560
3376
2072
316
6507
4393
9676
16482
815
18420
485
1899
44484
35900
6747
902
24485
266
344
4965
956
14836
1968
6149
49125
1524
5943
6397
11676
22651
1728
12849
678
3382
920
1420
3510
695
10582
42812
1643
3542
15169
2171
1206
6483
6816
13205
8699
8978
374
11074
12880
767
1928
5404
480
2166
3095
298
2774
5904
1844
4531
7664
2113
5158
501
5215
42403
1133
14545
503
6343
3381
6908
9774
3889
4346
2020
48210
1680
3010
4842
7634
10966
2785
3950
8670
73250
626
691
911
7156
7385
1512
8240
4625
1584
50450
5734
64504
708
783
917
2477
5137
11763
642
10066
605
4351
2387
648
2318
47942
14107
68579
1433
25128
1373
3070
564
7064
34580
3502
4129
5587
5568
10764
41
9489
9500
5084
1451
2705
18555
38593
4211
3008
6308
432
6795
4041
7620
323
35648
379
789
26622
2491
2614
14950
751
1925
2515
3983
14953
3028
2624
2836
4416
12931
919
2715
3289
4282
8262
12062
193964
980
2200
1944
6843
1799
3354
2109
3284
10807
2483
3620
5148
13715
393
497
5303
6047
1318
1212
2794
5917
6522
1204
3002
4563
2594
3054
5692
5757
1845
3052
43143
349
385
305
2984
3773
5426
24911
87795
2297
4274
5346
25710
33905
9239
14632
1379
4775
1730
409
825
5098
33782
80569
3491
12437
34077
1442
5302
644
625
1268
3892
5471
12654
942
2528
34702
43190
68406
4490
4619
5216
2551
2442
3618
4617
6891
1020
7335
13537
29505
537
1121
3625
8015
50094
277
721
1951
5555
580
1062
3404
5789
6318
5122
1071
7629
1390
2184
3553
3037
4335
4486
11250
14586
20660
1782
3315
4168
9705
10969
37115
2695
2723
7076
29412
4774
1387
4309
5676
6151
6518
2456
3299
4890
5081
12150
29434
1905
3160
10845
15272
16318
37870
588
5097
6725
17158
20811
4101
26156
5324
8796
13190
7123
1248
8822
54790
337
1482
2143
2261
3286
16137
91779
445
1467
296
325
559
1783
3482
6859
810
13514
5433
8839
4808
9801
26139
6516
3445
3457
927
33501
736
1979
3328
4011
5129
5484
1088
1149
3564
1583
28395
3778
5406
1085
2073
5743
9062
11256
14304
18588
3051
3436
1495
2964
11238
15911
4566
9417
714
1896
37359
1655
8602
995
1406
6957
2374
7120
1985
6297
7789
2315
7021
10159
3588
2827
273
25168
2746
10442
4575
8977
25629
1473
2270
2357
6238
3317
5181
13050
13928
90448
6643
11528
27327
1008
1438
3808
4209
9663
18834
1143
3915
1591
2879
13056
23583
334
3551
6702
48659
3623
294
3870
61625
2426
4687
322
949
27724
2783
2784
5070
7290
9345
1209
1262
1725
3019
3667
6304
7697
11189
12243
1211
2212
8913
1611
6220
658
8339
9478
2361
11641
3291
4364
5491
898
1801
4206
13965
14813
2011
15301
24992
1960
3858
11781
12655
14252
1250
1891
3424
1693
1897
2526
3166
5752
7111
1639
26602
28340
76926
1682
4182
7848
21322
54260
631
1957
947
2336
5628
6473
32387
1258
2725
19260
3163
11147
659
1955
2945
3655
5423
12333
50535
291
3678
4577
5486
9626
10592
13109
14630
93868
405
1916
2291
4066
7176
1441
1632
2531
3009
3501
5285
13118
1519
3520
7428
9727
40447
60300
598
3111
4713
11782
1154
1708
5115
5642
11222
27259
61861
1966
3511
4769
20886
490
2842
3437
11140
2009
2518
5893
7916
14098
520
2516
2905
3134
3150
5991
8028
1647
12609
33238
663
1597
8573
12692
1283
1778
10885
41339
3446
639
4109
42181
1534
9253
9997
70996
72414
1501
4435
7636
21059
3496
3572
3772
6454
25459
86408
88696
4661
3725
4228
5978
13067
53679
93534
2056
4799
84916
669
3429
9969
12351
8320
22743
2536
3102
3740
15865
1360
5252
10939
778
1456
2046
2952
4216
12636
6881
10390
21610
4139
4679
7056
11176
336
3296
7873
13753
31686
3069
5667
47452
4025
8187
11258
15688
1762
4252
38754
2069
9109
13992
33679
1640
1908
4424
581
5099
9305
14142
558
788
5736
9167
26299
2116
10411
29571
39641
52434
342
2961
18828
1498
2597
2708
2843
826
855
2721
5245
20728
23285
43409
404
5261
8742
2809
6007
9766
62184
308
1994
3847
18801
5193
9714
38144
2639
2733
5758
9476
3648
5604
14026
532
1946
11961
82996
7679
26334
3935
5954
8936
18417
3026
3138
13359
47733
1375
3462
2937
3668
3911
5799
19927
623
1593
806
1852
3776
8129
10492
12703
19315
2163
7806
11772
2569
6368
7944
19866
3065
34534
2469
3589
8112
8217
92217
6726
69275
957
10478
15376
225977
6817
16401
20104
51278
2612
3974
5055
6668
10263
16602
35690
315
1965
6071
22627
49205
68206
1773
10486
28428
779
3573
5307
5927
17037
50654
692
4083
7825
8808
408
3874
8813
2799
9687
16726
473
1163
2099
2507
2573
3513
4324
4470
10053
909
1201
1657
3497
3563
5805
8712
16069
521
988
1816
2592
4582
13149
15417
29490
58548
2673
2844
2978
4138
6982
12219
13129
541
1167
1685
5519
6434
8318
10146
10832
19314
3574
7489
27253
2719
2943
4362
6450
11135
14733
68574
4861
22258
1446
9398
48310
51010
2759
4288
4680
4829
6596
74419
3040
7949
12083
14868
335
3598
7225
8798
1848
16184
16642
68076
74900
813
1774
2278
2503
5375
16932
19536
741
1043
1575
2359
2610
6625
7210
26920
13545
371
833
7249
9669
31338
2702
3498
11496
74988
547
1058
7174
11525
28729
461
1277
3388
5955
15578
18492
71570
841
2712
2962
5774
6602
8681
9416
12192
18950
24334
4047
4143
4677
5342
5435
6865
5480
9353
11838
44646
738
15213
20847
75275
1901
3175
633
707
801
1696
2821
6983
12391
3392
5460
8472
11396
11878
23711
1644
24993
1129
1064
1416
2645
2790
3577
3790
5903
9830
1631
6038
7945
9325
697
1831
1917
4100
8060
11187
11988
45209
2378
4534
5972
7872
1744
2532
3521
8387
9885
20302
25264
4444
8806
8891
10243
13779
18401
23768
33803
301
1165
4193
4756
4886
4952
456
768
1305
4755
9415
526
9066
10185
19152
47676
63673
1464
2427
3977
4425
8563
18235
31663
1097
1873
4105
18952
419
674
734
1038
2631
4386
5064
6567
11807
35419
1265
1804
4744
5372
7101
30422
1110
4434
5128
7407
9956
1808
3895
7072
17915
2630
3186
3301
3771
5251
15734
34362
4879
6900
10644
10926
40701
3766
5436
11444
19072
23873
41728
2388
10485
1242
2176
2465
7891
8020
8794
27738
32740
842
1086
1448
20937
21966
1299
4763
5077
7641
44550
1984
3433
3515
8956
35795
444
1314
1599
1949
5
1910
2413
3717
5121
5226
19287
26365
35126
56205
706
1700
1858
2852
7926
9760
9987
25586
48868
76803
762
1287
9386
29587
76433
1673
3727
10381
11703
25155
4006
10314
46120
431
1812
8934
57610
1404
4806
12104
22380
28958
3721
4914
9845
10079
21426
32938
556
2798
5987
44722
165399
787
977
4732
6031
92189
517
2311
9880
896
1316
1942
571
3476
3591
4091
1707
2257
3710
4010
8611
18180
28889
29551
49300
55951
66499
1767
9155
9336
15754
37710
68291
589
1666
3481
4891
5606
6649
10851
562
1820
2396
3234
7694
9646
805
879
900
939
2617
7019
7912
14087
42107
4310
7478
12977
13176
15705
84906
572
1195
1394
2414
3488
4325
5591
6000
6576
7494
9190
32579
282
1864
2324
3796
11830
37935
1192
4502
11127
19943
30972
2213
6452
15449
3050
3555
5495
7175
9647
16000
57997
2031
2583
3798
17210
19389
20113
52931
64040
74661
1630
3101
3662
3768
8298
8434
9974
15814
17076
32983
5780
9463
30138
38729
1053
1763
2466
5860
6607
9357
10830
11218
11872
31887
319
821
4368
6744
8099
8404
10304
20635
73213
3042
3958
5090
40095
395
915
3719
7813
11535
16655
1060
3886
4599
7276
10968
12795
46728
477
2521
4327
5208
5326
6564
656
1667
4308
5458
6062
7062
7294
11316
58655
448
2164
2348
3447
4800
5565
9159
10472
20335
505
1106
2094
2506
2985
3114
3349
9485
15299
19396
64810
65851
684
2234
6435
6971
8598
13454
16653
17180
890
1926
3133
3468
6411
10459
10548
10637
28627
60363
1890
2376
2665
3106
37041
1515
7795
8265
9261
472
1748
2435
5073
10785
35426
35497
1829
3018
3750
6629
18053
18868
63576
1243
2032
2564
415
549
4947
5144
7465
11518
24700
44716
848
3712
19763
32117
1012
1888
2537
2681
8338
30498
2080
2763
3242
4152
5275
10334
16325
29840
1386
1461
6243
18910
90045
892
1026
4451
4559
5147
6487
15135
15697
981
5038
10327
10898
13365
51303
398
772
2127
10020
15698
16501
1572
14014
27690
27787
3693
4275
4482
7278
7786
13553
20361
30640
538
4562
5306
5418
3
1353
7345
7484
8355
10583
15049
18890
22728
27695
1619
2538
2997
3162
4443
6373
6720
7318
13038
25682
918
1987
3090
4290
6004
6383
7481
9546
10122
10675
11246
11284
13042
18810
19868
24290
1122
7612
9813
1015
2054
2716
3377
3397
3743
5213
5902
6199
6295
6381
6396
6418
9630
12901
12943
13797
15933
43153
52134
394
1188
3638
7853
8786
9738
10121
13983
26320
597
1370
5956
7189
8757
58426
3127
5454
5499
8848
17742
21621
33931
197201
1393
4909
4958
24237
32370
1732
1797
2942
4156
5062
6972
7545
8341
27666
33902
2470
3431
6631
27192
689
1721
2393
3480
4158
13637
14844
17741
18661
753
1675
11198
11553
26152
159034
1298
3187
4561
6902
7047
8068
21050
28133
1538
1565
1662
6704
7368
23185
29031
45031
4072
4516
4667
5407
5647
23967
27864
33651
33671
346
1923
27121
37463
80817
1063
3079
4097
11241
11344
18989
40365
58873
552
4114
9495
32198
40598
55976
2803
3949
4246
4660
5741
19936
25557
3335
3593
4178
17404
30456
45043
1112
3702
4188
4831
4981
6469
15043
25020
32147
37280
2793
4820
8006
9411
10028
13587
15078
25957
40136
416
2577
3387
5434
8225
13825
39651
50543
339
4237
5305
6046
7650
9184
10562
14081
20738
25045
31626
49948
901
3495
4225
10602
16298
17938
27677
302
2084
2220
7025
7027
10970
13201
18008
23716
1577
5141
5915
7699
8222
12092
13317
16471
17476
21700
30551
89321
90563
785
1392
2833
3473
3566
4821
4937
6249
15400
18612
37335
40322
1059
1352
1546
1626
1646
1781
6125
6505
7559
12089
14783
880
2421
11232
11372
13809
14264
28562
637
3613
4119
7863
8179
34707
2832
13453
16384
17440
23697
33702
35551
55267
511
1014
5134
7563
8953
9393
13259
18948
42983
48567
61558
392
1325
2368
3313
4439
6729
7054
7258
7658
38067
89097
2326
2571
2603
5188
6167
12639
18195
793
905
1030
1335
1715
2700
3960
4862
4868
5254
6710
7587
32879
61794
71802
84477
4016
11411
13441
355
608
611
2153
4081
6856
9242
21851
23513
92031
340
492
2480
3140
3708
7472
8125
9679
12164
34282
1838
2720
5190
6107
8556
9284
10990
19900
52451
1525
3300
3466
3891
5781
6232
12217
12755
24938
37148
46291
3549
6530
8618
9376
10673
14159
19912
31081
38681
3004
5132
8132
12921
13804
14559
15615
18346
24037
451
8211
21685
76296
570
595
1302
2012
2621
9522
19842
20123
525
1875
2258
2801
4748
5125
5169
6302
7014
8289
9410
18826
26062
95079
225505
586
894
1091
1251
1261
1407
4125
5176
5717
6447
9051
13089
15464
26160
43095
51058
75778
1947
3036
4741
8771
11046
11756
14970
17730
74131
397
4702
5003
6336
7008
8032
10325
25016
1227
2133
3181
3602
6762
17542
57889
67226
1139
2482
3325
3337
3369
3608
6183
6568
18326
30038
725
1650
1745
4939
9954
12362
14390
21531
1679
5106
5985
8483
10738
11163
11667
13468
27427
68741
75243
624
1050
2766
5015
5037
5222
6042
6436
8090
8519
9067
11595
18169
26849
31086
32205
746
1737
1860
2717
2929
5304
5674
9653
11223
12366
12740
13475
13704
16442
18656
23495
39277
61571
2041
3143
4350
5601
7147
9787
9970
12817
43540
6082
6110
10598
33791
73873
2004
23853
55689
474
6948
8660
8740
11158
14705
22902
27870
575
2493
4610
8168
8570
9711
11072
19873
31147
52967
3238
7308
11174
11768
13863
26380
44037
2599
4581
8671
9665
12630
13185
17529
18295
20172
20308
28980
46930
47292
776
7878
9502
11540
14053
14619
21138
21482
3276
4493
5340
5353
5409
5767
6058
21650
25791
44272
65468
1802
1900
5010
8892
10739
12726
15816
16374
19658
54955
1691
4128
4429
5347
5792
5822
7139
8207
8566
30559
31667
32454
40336
50371
376
2126
3442
3606
3938
5053
6481
6994
11900
13583
13690
27318
28543
32009
1307
1736
2559
4900
6644
6803
10083
11048
19604
26750
32330
38127
45091
1601
1649
1834
2939
5620
9797
13429
14408
24569
24676
2208
2748
3081
3936
5467
7449
8410
8626
10434
12648
45025
724
759
1022
1150
2996
3273
3371
3595
10403
19400
29816
35477
2902
5008
5255
5808
6334
9675
11823
29397
44192
48242
80946
1469
2433
3302
5786
6608
6627
7423
9032
10400
16201
26532
34271
1136
1306
2279
2334
3989
3993
4284
5945
6601
7842
8413
9307
15957
22419
38892
923
2871
4565
5880
9933
12423
19159
41744
52549
54710
1006
2185
3639
3927
3928
4341
4945
5200
5445
5983
6632
8321
73038
79698
1609
3109
4273
9033
10118
11311
11836
17655
28530
2078
3092
3845
7302
7370
10530
868
1322
5111
8761
9847
18046
19026
20447
32425
33993
58991
569
2876
10791
12906
13136
25393
28592
47524
1186
1742
3033
3260
4126
5072
7154
9575
24868
25655
71715
1018
1419
1496
3992
4740
4885
5140
5999
6027
10424
11039
11439
26946
32967
34021
600
1029
1825
2288
3023
9046
9971
17448
2029
2533
3848
3955
4054
4880
6584
11347
11969
12876
14520
16805
21427
22599
25079
27293
59314
61
2792
3222
3679
6097
7501
7675
8469
10837
13756
18336
36787
54938
856
2302
4472
5455
5790
7315
7822
8038
11960
12184
15851
24376
86549
2034
3584
5069
5282
10862
11093
13867
16691
21264
23314
27365
27734
29757
51860
70106
86108
926
1485
2544
3920
7333
9019
9131
17397
17593
25918
26679
46714
563
2818
3753
4716
5378
10490
12485
14548
17011
29768
33329
36718
37336
1234
2007
2161
2204
5488
6616
8733
8962
9412
10378
11240
15824
25026
29670
61932
903
1171
5953
8030
8499
9192
9215
9363
15050
20286
25402
28109
50657
82170
347
1846
2446
2823
8613
15511
15731
30391
51515
61161
73576
438
839
1409
3524
4048
4454
4833
5599
5621
5721
6549
6611
6901
9302
11618
12410
18997
24919
38801
75035
499
2064
2321
3601
4249
4336
7329
7538
9842
10098
17500
19573
22598
33869
53709
80350
1124
1733
3035
6550
7004
7935
13909
23443
25499
370
507
717
1366
5696
6026
7829
9328
15574
20385
20653
192398
367
512
1140
1569
2224
2652
2922
3356
5992
6175
6325
7408
7920
8976
9949
10772
10825
11837
12633
13279
17657
33799
35169
38789
92494
452
509
1574
1777
4747
7461
8529
9770
10736
11363
11567
13290
13754
18022
782
1686
4314
6566
7135
12133
13222
13402
16347
16456
23329
24812
41134
45366
49868
82785
89945
1410
1760
5362
5437
5839
6083
7198
8119
8386
8409
9834
9991
12058
16673
26763
33129
35288
704
3270
3926
5770
6014
6198
8307
8368
12490
13746
14752
21858
26873
49133
57350
68015
703
1001
4191
5025
6283
6575
7044
9395
10298
15840
18232
23875
34243
67037
1203
4448
5154
5524
7899
8173
9082
11096
12215
12910
14109
19290
30917
35786
36354
38569
38643
42481
71969
72454
852
1692
3135
3461
4623
5689
6406
7234
8136
8158
10279
10616
29106
37734
47321
61920
81787
936
2815
2857
2873
2896
4475
4920
5461
6849
11325
11668
18842
21814
51831
91663
965
4497
4866
5611
6511
9729
10964
11436
12707
20971
25883
930
1237
1943
2102
2458
3213
3330
4345
4609
5668
5981
6320
6713
6741
7591
7594
7701
7718
7724
11002
12278
15234
16746
33974
38425
64508
614
2010
2508
3059
4946
5469
8018
8554
8772
11693
21979
23547
24342
32494
43949
647
1052
1054
4004
4786
5323
6592
7739
8615
10836
14143
14429
14532
17512
18045
18783
25250
27951
38562
69695
993
3831
4749
7187
8492
10339
11248
14671
18716
19263
20871
24004
27226
27227
35821
63882
216627
1811
1855
1971
2263
2338
2379
2932
3088
3527
5553
6488
10626
11036
11255
11451
13413
19942
20984
29828
33408
50310
986
1833
5046
6330
6392
6409
9400
9743
11953
15121
15318
16010
29017
36571
43441
1743
2068
2342
2895
3764
5078
5292
7687
9657
11091
13086
60174
81007
609
1520
2900
5119
5183
5759
6019
7424
9703
17320
18018
19710
24520
26246
29440
79622
1134
1824
3110
3233
4210
4777
5429
6321
15903
23985
26157
47709
519
3192
5157
8072
14392
20382
22424
42637
375
489
1681
1712
2106
2977
3228
3533
6314
8836
10460
10895
12261
14040
17549
20788
36268
52907
65244
88449
2672
3355
5748
6187
11493
13319
14267
14629
14735
15600
16979
18084
20357
32388
37309
48528
722
1184
1443
1835
2878
3218
3683
5529
6605
6782
7415
10429
11121
12162
13103
15958
17119
21239
23777
23825
25530
908
1506
1634
4394
4754
4954
6707
10814
12749
12877
14322
23283
88639
89117
515
1057
1701
4185
5290
6122
6233
6486
7075
10125
11330
12443
13880
15411
16926
18035
25584
26915
28560
29648
32524
64179
1539
2513
3929
3946
4000
4688
6260
7095
7262
7728
10128
13254
19331
22741
28125
63346
86869
683
2887
3611
3631
4589
4710
5634
6171
7968
9191
11811
20105
27025
28215
36934
47502
52078
2244
2429
2840
5558
5602
6269
7087
9009
10480
10500
11205
11712
14835
18352
27350
28708
1254
2430
2490
3580
3919
5246
8914
10230
12461
38690
62879
74403
74455
1927
1938
2998
3596
5684
7469
9884
10993
12025
12775
13725
14991
17431
20519
26886
71571
79420
802
6701
7129
7440
9197
10661
18011
41846
44492
54333
495
2098
2670
3370
3682
4030
4480
4762
5545
5583
7929
8543
9182
9571
11244
13822
13849
14419
18904
21398
22294
36944
41575
49364
59003
81096
730
881
3307
3860
4013
5708
5816
6677
8105
8997
9186
9536
10695
14972
18987
22180
26189
27896
28763
34733
36164
37688
45701
52338
68222
2121
2380
2481
4145
4729
4730
5274
7289
8379
8652
10790
11249
12076
12208
14048
17840
22295
36279
38136
60782
1039
2330
3107
4560
5559
5666
8833
9221
10524
11898
19766
21626
32793
42535
45933
68277
216
536
1849
2829
3061
4736
8047
9688
10533
12195
14565
15463
19849
42427
576
1009
2403
2438
2611
3729
3799
4537
5374
5449
5658
6065
6536
9351
13573
15667
18922
21003
24245
39100
45426
69006
358
667
1635
1759
1889
2685
2858
4830
5059
5951
6146
6830
8389
9964
11386
12858
14372
17462
22319
22513
37250
52838
58760
65621
455
985
1003
1319
1671
2131
2861
3190
3637
4460
5586
5732
6920
7193
7602
9202
11791
21915
23507
29422
35012
37088
56552
210
1155
1580
3073
3130
3394
4332
5804
11901
12225
16293
20068
24733
26672
29331
85119
530
540
651
1101
1452
3477
4944
4950
5975
6918
7107
8645
11055
11721
20043
21681
23379
24010
26530
33608
54615
2282
3399
3645
5019
6457
8646
10152
11616
13540
16561
16803
17926
34126
36683
959
1193
1786
1828
1882
2605
3661
3765
5095
5281
6245
6491
7439
7729
10419
10928
13142
13933
15429
15497
18182
20195
23001
25286
29951
50606
191
352
1075
2782
2874
9420
9660
11319
22527
24890
33829
34519
43161
43164
74143
1344
1956
3322
3905
4037
5171
5210
6061
7528
7558
9581
10800
13864
14623
16240
16690
23211
28151
32907
35901
37794
56481
73998
94252
486
2341
3758
5219
5231
5479
5853
6323
8053
8369
8445
10712
11081
11626
13908
20875
21578
25322
31389
42447
79045
765
1210
1668
1687
2238
2440
3208
3438
3855
3882
4093
4499
4540
5042
6899
7434
9874
9947
10458
10984
13240
13629
16563
18006
20086
22171
25170
26012
30915
31097
53959
56943
65971
219
2864
3604
3988
6835
7500
8279
8705
8958
10457
10687
10932
14067
19707
25835
26080
27934
52782
52958
54252
64901
188912
1082
2014
2327
3393
4189
5384
5450
7117
10931
12448
23022
24459
34284
37416
42066
45361
92429
1027
2760
3246
3696
4238
4528
4635
5228
6289
6652
7260
7875
8070
8734
9559
11644
11665
11743
12143
16218
20049
21257
27958
39010
89482
612
823
2602
2691
2797
4590
4834
5427
5982
6195
9063
9516
11413
14567
16418
21683
40161
45499
51959
1449
1821
2907
3122
4659
5227
7353
7359
7530
8200
8366
13139
13749
18474
18751
20413
22958
29085
44446
45006
58256
719
3633
4272
4804
5444
6253
6282
6551
7049
8441
10029
11543
12402
13093
15109
15689
16885
18199
23213
24289
26539
27086
45101
2737
3362
3976
4405
4923
5882
6763
7888
10184
10497
11452
11906
12080
15006
22281
24963
26805
34293
39850
41874
51099
53557
72221
87301
2634
2754
3278
3654
4118
5089
5335
6867
8427
11020
12527
13223
15781
16811
17120
18310
20058
20100
21252
24909
27335
27515
29730
32675
42753
79658
794
1841
2500
2549
2629
4463
5527
5834
8933
9643
11192
12819
14589
16001
28605
31997
39167
45422
56237
218
828
3514
4283
8064
10573
11040
11450
12305
12319
13272
15719
18407
19119
33389
41179
50572
55955
61036
500
893
2155
2445
2586
3423
3787
3906
4035
4262
4928
4936
6178
6333
6989
7233
7250
7288
8373
8582
8871
9585
10287
10618
10779
11498
11510
12269
17533
21149
22676
25591
26118
28352
30669
31091
32854
33240
37104
40278
44697
70381
79476
769
2053
2660
3282
4026
4699
4711
4854
6322
6398
8508
8957
10032
11112
12500
12547
13684
19413
19954
21562
23007
32286
33341
35704
36940
44375
44968
50921
53969
188
190
502
2899
3379
4770
5276
6319
6472
8033
8098
8610
8749
10649
12439
18092
21707
28253
35479
42815
65847
221
1102
2304
3472
4104
5373
6211
6248
7145
7286
7378
7731
8043
8306
8516
8931
9369
10111
12317
14387
19186
20922
21254
24863
27867
85987
203
211
2058
2487
3539
7819
8755
8996
11378
12325
14751
15132
16156
17566
20751
23508
24490
29797
36901
37202
54567
671
786
2635
4481
5221
6614
6878
7700
9538
10134
10315
11946
12179
17963
19590
27245
27596
65177
1002
1607
2181
2486
5076
6109
6570
7976
8928
11354
11637
12887
16101
18054
22446
22465
24241
29174
35010
45391
48569
64925
70953
93187
195
200
2275
2432
2789
3815
5206
5259
5265
5854
6338
6612
9273
9761
12459
14650
17458
18044
18351
20260
20392
35414
39302
49262
75674
84892
86830
89152
189551
217
1494
1975
2089
2132
3024
4062
6241
9802
10102
11399
12741
14519
15215
16591
16599
19776
21849
25864
28954
35718
86511
86891
91445
204
213
435
643
1145
3561
3807
4299
4524
5264
9279
10213
11457
12275
12495
12829
13866
14360
14960
16237
22873
27566
39571
46943
48401
56613
64355
90897
212
737
808
1334
1653
3406
4322
5018
5174
5775
5938
6254
6907
7557
7635
7752
7869
8663
11497
12985
13264
16022
18744
19633
20327
38810
42309
52084
52614
55338
70553
208
754
1505
2129
4149
6781
7191
7807
8152
8677
9241
9755
11862
16162
17534
19095
20239
20299
26141
30096
35547
37916
43065
43157
43649
47534
61574
68143
73355
93592
112
740
940
3937
3944
4442
4771
4791
5817
6186
7322
8019
9150
9428
10534
12105
13081
13458
14642
17648
18479
20894
28707
29046
33074
38595
46936
49077
55635
56905
85988
542
2123
2822
3120
3384
3658
3833
4917
5164
5425
7715
8754
9314
11682
11963
12626
13232
15007
17289
18025
19913
21579
23938
25392
94540
843
1034
1275
1940
2194
2699
3742
3916
4009
4543
4570
6126
7106
8154
8206
9995
10039
10156
13594
14165
16545
20473
21595
22283
30863
34628
38039
40461
45246
48812
53405
84494
238180
1603
2439
2777
3038
3044
3486
3629
3922
3956
4621
4922
5492
7263
7982
8281
9590
10578
10743
11116
12147
12149
12283
12394
14855
14951
17673
21454
21455
24327
32961
41468
46279
49124
64970
65909
89830
193
215
654
761
882
2944
3072
3078
4051
4255
4558
5511
5588
5702
7077
8418
8471
9526
9888
10817
10834
10938
11489
12234
12786
12948
14323
15205
15886
17083
17150
17469
23310
25503
28950
39049
39775
45904
48093
86725
87413
209
544
1274
2969
2989
3219
4437
5891
7598
9341
10223
10289
10535
14103
16420
16516
17030
19552
26348
27984
32251
34051
50289
51451
65623
65975
82622
86018
89423
177884
873
2329
2704
3820
4338
4471
4546
7246
7647
8162
8908
9020
9028
9930
10294
10672
12719
13973
13996
14846
15727
15969
16713
17515
19844
22188
27443
28060
33795
35464
40619
42343
46611
56373
191663
2372
2666
3001
3331
3571
3723
4979
5152
5830
6428
7081
8311
8429
8960
10009
14918
15623
15922
15937
18164
20122
22740
24315
27693
35956
44529
52520
80612
160148
402
645
2344
2816
2855
3900
4415
4551
4801
4921
5167
5737
5878
6176
6361
6672
6734
6952
6999
8532
8869
9079
9267
9542
10978
11620
11767
13171
14590
14905
16461
16520
17861
24439
41954
50462
61038
87009
94931
189
202
1004
2951
3536
3670
4154
4244
5478
5697
6402
6587
6700
7271
8489
11658
13927
20269
22840
22858
23107
23410
28687
42849
49875
52250
57739
60907
82756
207
463
655
1130
2050
2662
3256
3435
4956
5354
5829
6142
6742
8969
9146
9980
12621
14199
14456
15072
16867
17066
19874
20510
25467
33840
39242
56335
56400
82537
89273
205
206
960
1340
3310
3412
3583
3878
7227
7438
8454
8837
16095
18162
18652
18962
19463
23959
25780
31031
41529
41936
48213
1235
1806
2332
2786
4530
4778
5536
5671
6784
6966
8451
8481
8882
10398
10431
13679
14885
18139
23592
25267
28713
35435
37337
47196
54523
54551
54907
69095
196
766
1073
1722
2259
4973
5236
5605
5889
5949
6060
6947
6974
7547
7624
9043
9666
11799
11912
13234
13533
14336
14385
14893
15648
16703
19268
20006
20735
20759
22516
26008
27692
29329
34886
45978
46992
48707
71039
93757
360
410
770
3214
3494
3856
3972
4618
4863
5161
5273
5284
5296
6018
6130
6173
6259
6420
6463
9209
9471
10014
10464
14746
15000
17313
19101
27502
33224
44752
47656
49259
71320
79077
80516
2036
2248
3401
3478
5457
6594
6669
10606
12017
12889
14870
21893
24096
29635
33686
34926
44810
45427
48409
48470
50711
53683
69255
72223
78098
239843
750
1196
1541
1697
2911
4303
5764
6892
7683
7890
8868
9955
10819
11080
11327
12055
13761
14166
14280
14993
16815
22450
24344
25552
28493
33439
43494
47719
53167
54703
60404
199
522
1135
1266
2276
2333
2554
2870
3221
3312
3704
3843
4060
4069
4313
4320
5218
5686
7450
7900
7936
10612
12160
14673
16991
25961
28068
28341
34032
36591
40650
40715
52761
59811
62182
91480
91514
161274
3075
5199
5263
6020
6363
6557
6851
7131
7542
8906
13745
14046
15153
15665
16432
16900
18173
21152
22431
23448
35022
36369
36634
36793
38671
38766
91006
194
201
1031
3529
6696
8679
8932
8991
9919
10979
12389
13980
14880
18364
19974
20063
20167
21272
26241
30200
30394
34407
34952
35748
38631
38875
41042
47927
49219
49261
54476
68745
70611
77565
81342
95137
1217
1356
1365
1931
3132
4851
5268
6196
6424
6731
6925
7482
9038
10313
10331
11229
13881
14095
14485
15092
15227
16163
17068
21761
25227
28218
34852
36834
39356
55340
83017
84659
1315
1552
2095
3154
3444
4223
4473
4638
4802
7205
7948
9668
10250
10856
13662
13669
13765
15175
17092
18009
18258
20326
22632
22666
22838
24510
26778
27686
30230
30373
32735
37861
38135
59022
63624
64562
192
356
418
2019
2134
2585
2787
2835
2960
3063
3253
3489
4222
5712
5874
6776
7213
8896
9458
9504
10256
11012
12152
12457
16722
25181
27733
35959
38394
40082
41046
46116
57724
75458
875
1035
2151
2756
3137
3804
4001
5120
5332
5337
5614
5645
5661
5677
7551
8476
9141
9796
10206
11448
12695
15090
15145
16518
16870
17199
17482
18559
18577
19308
20040
20678
29617
31489
40182
40400
41807
45465
52960
78288
728
1218
1911
2316
2364
3367
3506
4441
4556
5782
6646
6857
7247
7383
7788
7941
8021
8026
9255
9699
11870
12482
15741
16597
17535
18689
19366
22524
23095
28049
29976
30951
31144
33462
34451
37999
38838
53824
59276
67828
72396
81367
85811
89031
214
832
1333
1367
1497
1661
2680
2898
2915
3147
3285
3297
4213
4307
6306
6572
13472
13724
16644
17114
17933
18082
18212
18455
25902
26133
26472
27536
31230
32817
32999
35358
36840
37116
46505
52334
59860
3665
4088
5443
10301
10639
11930
12037
12244
12304
13784
14373
16058
16350
16775
17659
19025
19464
19930
21667
24953
26952
30057
31025
33655
34874
35629
39949
65585
68508
368
2354
3816
4378
4478
5417
6131
6667
7854
8239
8334
8435
8523
9181
9697
10495
11340
13707
14371
15011
16838
17583
17638
19768
22151
29791
37066
50763
57449
60735
71931
72314
80493
2173
2225
3113
3191
4217
5576
5840
6689
7153
7776
7839
10300
11282
12277
13019
14271
15382
17483
17546
21549
21568
24272
27413
29715
31363
32061
32680
39183
43853
45398
45697
45759
50808
53259
60584
62643
479
1216
1867
2584
2658
2677
2683
2744
2897
3311
4079
4695
4990
7391
8584
9021
9023
10351
11609
11889
14482
14762
14943
15129
15328
16546
16936
18541
19441
23092
23859
24527
25658
26355
26731
29355
37175
42848
43166
44116
44916
61095
71741
77167
1300
1341
1977
2309
2356
3223
3966
4120
5136
5802
6015
6829
6980
8756
9240
10070
11648
15224
16793
18516
21372
24366
28149
30812
30876
33723
47944
54874
55249
59525
66057
72298
1289
2260
2950
3184
4257
4496
4541
5004
5308
5738
6862
7673
7995
9462
10897
11469
11728
11856
12718
12955
14011
14654
14781
15399
18544
18836
19450
20778
23417
23826
24009
26124
27325
28365
36982
39470
57890
64913
67375
82551
617
1079
1246
2006
2197
2949
3854
4399
4671
5364
5871
6052
6523
7042
7063
7637
8397
8901
9048
10187
10811
10886
12965
13145
13217
13329
13511
13914
15029
15452
16954
17128
17602
18119
18638
19174
19652
20044
22269
23014
23619
23838
25175
25830
25949
26336
29292
44521
48377
50357
58324
66976
69265
78417
85497
798
1588
1918
2088
2246
2747
2931
4603
4650
6489
6911
7657
7659
9722
11293
11937
12019
12091
13200
14423
15797
17994
18230
19019
23451
27568
30337
32010
32958
40516
40834
41999
51216
53390
77217
90700
153139
155187
924
1178
2017
2824
2992
3084
4380
4807
5593
5887
6276
7584
7832
8198
9808
10162
10322
10362
12068
12480
12768
14525
14830
16248
16338
16631
18566
18682
21614
23021
23311
23344
23371
24138
25600
25770
26102
29752
32157
42884
43967
44199
46034
49733
50089
54084
54778
54878
64616
814
1160
1308
1527
1798
1883
2817
3378
4207
4253
4334
4883
6767
6858
8904
9158
10205
10951
13901
14973
15906
19197
23097
23950
24475
30289
30374
32827
35133
64915
71617
71953
531
860
1361
2914
2988
3420
3752
4331
4887
4984
5149
5608
6635
7733
8016
8843
8952
9154
10580
10615
10842
11313
11349
12473
13064
13732
14441
14760
15264
15347
15964
16923
17831
17955
18211
19130
19503
22491
23546
29892
31325
32483
34494
35615
36171
36249
38175
45668
57081
62926
64951
76462
79281
90521
241244
1187
1194
1346
2770
3183
4259
4657
5391
5408
7162
8553
8850
8979
9212
10650
12103
12189
12569
13001
14192
15438
19002
19024
25866
27160
36098
36464
38012
43874
45972
54909
75953
88013
94211
518
686
840
1627
2147
3967
5877
5976
6645
6697
6943
7041
7393
7432
7678
7896
8466
9461
9568
12549
12584
16578
16606
17316
17466
18221
18533
21576
21736
23360
23835
24092
24332
26085
27376
29650
31410
32192
32311
35312
36588
36602
37311
38387
40927
41587
44852
49869
51471
69539
69546
73595
77450
78349
83714
3269
3288
3671
4229
5315
5365
6421
6655
6663
8075
8359
8439
8534
8747
9017
9529
10545
11691
13345
14523
14785
15002
15222
16417
16643
17421
17696
18100
20409
21850
22967
23437
24277
24960
27370
41019
45816
49187
54114
55686
59537
945
1200
1240
1280
1326
2982
3086
3179
3628
4127
4373
5175
5646
5888
6582
7080
7330
8540
8737
8804
9327
9331
9469
10344
10684
11196
11261
13640
15500
16865
20804
26653
28274
29622
32362
33633
37516
38016
38375
39668
39849
40693
41490
43927
52117
88043
607
1457
1648
3605
3830
4637
4809
5910
6256
6386
6413
6716
6941
9061
9776
10103
10732
10806
10944
10973
12416
12430
14311
14352
14856
15480
15571
16398
17051
17920
19181
19335
19364
21200
22061
22702
24097
26003
26703
30519
48196
53650
58621
94268
184744
454
3112
3125
3697
4906
5597
6961
8526
9101
9370
10685
11018
11208
11454
12102
12616
12780
14822
16060
17758
23527
24512
28692
33210
34574
48794
54802
56801
57546
60052
66217
67909
70307
71408
72710
85608
468
640
962
1435
2918
3058
3621
3774
3876
4375
4431
4989
5320
7098
9381
10177
11280
11673
12381
13273
14147
14440
15313
17818
22149
24271
25221
25449
25695
30521
31377
48057
48645
62746
73087
89359
90483
712
1369
1405
3172
3500
4271
4487
6103
7298
7772
8752
10337
10392
11638
12669
13257
13611
13954
14274
15572
15904
18920
20320
21692
21990
23070
23336
27572
27737
28738
28981
31696
33639
34551
37107
45702
57616
182029
459
666
1231
1303
1310
1921
2499
3146
3152
4003
5502
5706
5920
6072
7689
10494
11551
11720
12450
12594
13186
14803
15290
15627
16859
18112
18126
18959
22910
23191
23357
23672
25590
27980
32765
33100
43472
44020
56141
70019
90747
226771
897
1119
1269
2885
3066
3380
3512
3517
3795
4175
5048
5351
5682
7199
8102
8736
9889
10255
12242
12822
12860
12938
14162
14436
16465
17600
17759
20089
20117
22235
24276
25050
25635
27035
27292
34237
34569
35318
37681
39328
40746
42796
50199
52977
65335
81726
726
1296
1684
2044
2096
2643
2850
3126
3703
4292
4630
5146
5698
6521
7515
7644
7898
8488
9855
10278
10416
10708
11033
13452
14872
17872
18284
20908
21693
22779
24204
24721
25096
25162
25880
26681
29643
35047
36180
39219
40181
42988
46517
54072
72067
72958
212918
377
1253
1327
4895
4980
5022
5044
8074
8557
8685
9832
9988
10000
10220
10242
10358
11421
11594
11786
12571
12611
12771
12912
13246
13968
14641
15058
15341
15622
16045
16145
16647
16828
17117
18104
19945
21833
24644
26398
28496
32942
33877
34082
34386
48563
49248
49873
57035
62095
65417
71284
77173
95700
1415
1741
2187
2434
2675
3173
3455
3609
4005
4234
4918
5202
5855
6362
6532
6847
7124
7793
9053
9110
10275
10309
10927
11236
13759
14908
16086
16346
16715
17977
18658
18971
20424
22305
24486
25353
25762
28285
29019
29429
29554
29572
31000
32230
35104
35838
39072
39215
40748
41150
41506
42903
43690
55551
59702
61209
634
1924
3408
3672
4996
5868
6699
7304
9610
9973
10796
11519
11853
13618
14164
15057
15250
15808
16473
17195
17606
19745
19957
20046
20630
22470
22759
22956
23735
23775
25741
25901
26019
26256
30203
30366
31735
32471
33766
44193
46773
46925
47696
54607
56593
61369
64121
65269
69268
72343
185038
241
1221
1413
2108
3428
3794
5724
5794
6992
7613
8583
8716
8760
9223
9586
9635
9918
10182
10782
11422
11671
11888
12140
13513
14289
14977
15693
16687
18091
23533
23917
24763
25331
25416
25730
29594
30859
39129
42020
47422
47476
53063
56933
59761
62238
66854
77991
86813
87175
1557
2022
2523
2729
3347
4701
5359
5413
5961
6257
6419
6496
8340
8636
8874
8926
9405
10195
10333
10999
12454
13404
14112
14344
14728
15488
15618
15756
16168
16682
16984
17591
18880
20394
21766
22308
23521
26870
26956
29052
29172
30371
33005
33660
35137
41114
43375
48895
49751
50340
54587
56028
59056
62640
71466
71910
450
982
1044
1421
2206
2236
2979
3060
3151
3492
3585
3965
4796
5117
5334
5447
5550
5852
6751
6949
7222
7466
7596
7692
7834
9196
9205
10196
10487
11420
11717
12608
12623
13102
13155
13161
13605
13899
14547
14572
14793
17084
17437
17814
18002
18034
18990
19170
19570
19939
20069
20266
21132
22289
24724
28879
29133
30435
37764
38000
39048
43054
46687
47906
51719
51891
59240
66151
83034
289
1339
1618
1753
2138
2475
3055
3272
3541
4501
4583
4911
5751
5947
6316
6563
7166
8949
9959
10977
11297
11639
11806
12008
12052
12567
12736
13262
14596
16484
16914
21824
21910
25244
27247
29014
29485
29491
32052
34533
35542
36503
37457
38606
43835
46347
48572
50120
62595
75140
83166
89052
241271
484
1127
1544
1718
1847
1851
2495
2542
2764
2987
3105
3534
3535
3635
3687
4507
4859
6339
7645
8116
8153
8689
8877
9222
10002
10747
11117
11179
12663
13868
15401
17171
17880
17882
18484
19108
19427
19586
20505
21500
22031
23814
23889
24528
24624
26590
26666
29567
33611
38554
39228
43733
53817
54597
60496
60789
61781
64604
65201
87996
650
912
1295
1531
1933
3456
3646
5537
6599
7125
8533
8735
9089
11173
11612
12182
12688
14145
14380
14802
14931
15679
17039
18551
19022
19460
19810
20139
20819
21220
24603
26167
29027
29868
32814
33509
41933
46142
47510
51274
51833
55543
57559
58196
59612
68118
73425
74593
79036
151600
1173
1548
2091
2307
2615
2894
3049
3389
3783
4418
4592
5500
5615
5638
5730
5836
7799
8144
8169
8695
9189
9244
10925
11030
11546
11559
11855
12816
13301
13736
14118
14789
14791
15548
15815
17312
21439
22845
23690
25752
26352
27424
33579
33763
36547
37158
37169
44511
48317
63660
66354
68639
78502
94946
126
222
941
1214
1595
1683
2305
2743
3157
4578
4602
4855
4992
5112
5223
5687
6206
6229
7268
8130
8442
8982
9262
9352
10916
11957
12216
12865
13061
13372
13374
15174
15625
15704
16134
18166
19352
19636
20209
21181
21343
21729
22116
23044
23989
24358
26346
26545
28258
29851
33061
36810
40846
46853
49564
53577
58831
64910
71699
81582
190632
1422
1463
1547
1606
1642
1663
2021
2422
3225
3264
4050
6976
8317
8385
8722
8985
9132
9226
9446
9497
10749
12258
12566
13172
13332
13854
14683
14892
14914
17541
19580
20155
20189
22177
22437
23737
24802
25084
25543
25690
28486
29867
30205
31984
35577
37595
37978
40231
41830
43259
49560
51923
54952
72022
72473
75230
77168
81380
91743
92649
961
1502
2346
3196
3627
4723
5247
5715
6066
6405
7055
7188
7334
7427
7451
7902
8363
8858
9069
9768
9981
12188
13069
13979
14003
15985
17062
17353
17596
17710
18376
18509
18633
19173
20171
20974
22291
22468
23205
25147
25298
26168
26453
26733
26907
28712
31084
33761
33831
35603
35726
40418
41797
44480
59970
77050
86795
95157
389
1766
1776
1993
1996
2218
2418
3305
3414
3562
3902
3994
4055
4089
6154
6577
6922
7698
7990
8107
9010
9751
10272
11478
12100
12659
12866
13152
13243
13281
14122
14910
15116
16676
16772
17385
18184
18597
19143
19226
19654
20134
20416
20507
20629
20950
22805
22847
24612
27140
28017
40291
42773
44573
55588
55769
56860
60800
64697
67752
77256
221306
481
987
1175
1770
1937
2406
2517
2649
3021
3032
3507
3957
4670
4752
4873
6108
6633
6749
7496
7552
8042
8284
8662
10147
10238
10281
10872
11087
11467
12610
12953
16779
16895
17969
18923
19468
20323
20607
21539
22562
24016
24852
24894
25804
26705
29699
32791
33171
34773
38408
42718
43566
46680
47566
48908
54170
55655
62639
66449
70567
70735
73497
86006
693
800
1347
1511
2247
2562
2570
3015
3155
3217
3361
3711
3726
3822
4133
4281
4694
5036
5979
6313
6758
6889
7376
8288
8707
8915
9293
9339
9468
9566
10112
12135
12958
12964
13470
13870
14282
14658
14677
15156
15422
16077
16408
17317
17854
17961
18562
18813
20604
20960
21250
21503
21764
22064
24870
25933
26524
26977
28701
29157
31128
32283
33682
34130
36408
39153
39688
50581
63393
1948
2179
2641
2686
3148
4639
5299
6063
6617
6717
7984
9537
9652
10374
10804
10839
11428
11466
11587
11827
12282
12577
13478
13957
14108
16015
16656
16809
16955
17403
17940
17965
18306
18411
18892
19860
20003
23748
23849
23908
24254
25293
25337
25377
26554
27484
28320
28397
29108
31153
31251
35934
37224
38663
40453
43380
45096
45369
49465
53837
59669
64507
81167
234
3025
3124
3323
3427
3522
3738
3884
3999
4611
4620
4794
6379
6826
7265
7390
7555
8658
9071
9111
9299
9385
10621
11547
12640
12954
13606
13974
15239
15604
15784
15907
16508
16617
16705
17453
19492
20572
21645
22320
22405
22629
23342
23895
24703
25371
25663
26865
29534
29812
30760
31355
31445
31600
32671
33805
34132
35280
36040
38783
39017
46567
46729
47596
53861
54485
55671
57925
71147
74897
83342
83512
85639
88367
221653
453
1827
2043
2831
2845
2976
3430
3452
3715
3754
4236
5791
5923
6301
6728
7035
7565
7827
7964
8007
8795
8838
8959
9194
10551
10640
10646
10678
11108
11407
12322
12756
12757
12782
12850
13150
13423
13917
15444
15785
16026
16949
17384
18101
18704
18894
19077
20480
20555
21103
21324
23755
24425
24522
24693
25604
27354
27965
32364
32639
34238
35740
36393
38361
38689
40355
42103
51595
52895
58058
63585
89781
1007
1208
1434
2077
2540
3467
3733
3962
4111
4466
5266
6780
7082
7090
7190
7455
7520
7770
7867
7956
8037
8147
8994
9367
10264
10505
10642
11652
11698
12250
12794
14136
14347
17227
17370
17884
18733
19934
20245
20683
20852
20970
22580
22756
22863
22943
22982
22983
23596
25152
28370
30453
32346
33725
36465
37301
38545
38618
39678
40008
41270
43215
43250
44644
56497
57571
68527
69892
77785
78869
78913
90130
182874
1131
1578
2925
3202
3318
3714
3746
3981
4038
4750
4848
5192
5225
5402
6184
6218
6281
6337
8023
8625
8846
9266
9304
9374
9976
10165
10660
11835
11871
11910
12311
13390
14606
15262
15813
16547
18536
18924
18958
21604
22430
23758
24304
24460
25798
26253
26884
27126
27137
27712
28485
29657
31063
31528
31548
32774
33593
36937
40523
40652
40750
40773
43424
47774
53678
58979
61059
77244
89897
1460
1793
2565
3599
4286
4291
5577
6044
6144
6426
7599
8189
8561
8614
8845
9252
9840
10292
11442
11534
11646
12098
12161
12844
13066
13379
14416
14445
15010
15155
16866
17607
19567
20454
21571
22028
23016
25903
29369
30351
43797
47869
49780
49926
54556
55046
60630
61815
65673
68962
71018
73193
75007
82164
164180
752
916
1471
1573
2437
3016
3913
4653
5040
5058
5753
6194
6794
6973
7346
8856
9823
9989
11013
11175
11287
11324
11897
12548
13951
14557
15248
15365
15882
16551
17044
17426
17619
17745
19113
19405
20345
21035
22327
22698
22777
23424
24247
24297
25004
26344
26637
28755
29857
32114
33331
35338
35728
39289
42707
43265
45185
45374
47288
47488
52992
54078
55333
55687
66923
68328
70478
70514
73402
79126
91337
93933
188204
1123
2301
2325
2848
2956
3043
3099
3251
4063
4173
4532
5725
5952
5995
6227
6482
6525
6848
7826
7947
8347
8984
9072
9310
9654
9986
10835
11159
11404
11674
12321
13483
14174
14272
14469
14834
15094
15373
15424
15588
16594
18913
19385
19481
21360
23709
23857
26288
26407
27757
32792
35463
38430
42615
42701
44219
44718
45371
46772
47326
49365
55531
59144
61325
61485
71725
75115
94497
1807
2162
3642
4177
4205
4285
4977
6442
6466
6642
7182
7251
7324
7960
8115
9178
9499
9637
10681
10824
11098
11150
11747
11839
12518
12788
13396
13442
13624
13772
14037
14378
14398
14827
15005
15297
15971
16217
18769
18837
19959
20600
20624
21377
22577
23036
23353
23639
23977
27222
27953
28442
29482
30784
33488
36899
37591
42177
44564
47302
49036
52136
60601
64298
67100
69402
75021
76530
78300
81718
83691
211645
757
1343
1533
1566
2872
3053
3505
3636
4384
4412
6203
7364
7660
8081
8123
8606
8702
8827
9084
9392
9521
9649
10347
10633
11680
12153
13394
14684
15119
15329
16067
16302
16758
18820
21241
22758
23556
24053
25568
25580
29118
29259
29755
29786
29839
31049
31358
33030
33853
35061
35473
36629
39882
40624
41535
45784
46490
46537
48287
48396
51520
52141
57351
58257
63749
81189
88218
89254
92054
95224
243
1286
1665
1714
1836
2001
2232
2808
2995
3022
3232
3434
3675
3875
4012
4106
4381
4391
4761
5637
5936
5989
6403
6743
6897
8001
8205
8254
8280
8393
8412
8725
8888
9087
9218
9592
10269
10426
10853
10957
11746
11794
12018
12792
13238
13415
13462
14059
14132
14861
15286
15451
15861
15884
15893
16261
16351
16836
18488
18545
18760
19133
19221
19765
19932
20161
21206
21837
22076
24054
24055
26137
27191
28110
31918
32936
33810
42470
45271
46668
47739
49893
52481
53609
54624
60055
72983
73172
77318
77612
81434
82401
90766
242
771
1252
2135
2141
2425
2767
3351
3374
3659
3864
4696
4892
5394
5534
5970
6235
6298
7086
7725
8096
8271
8766
9012
9207
9481
10276
10843
11514
11851
12340
12604
12713
13716
13851
14064
14176
14897
15359
15644
15936
15953
16629
16795
18780
19251
19266
20389
21612
22844
26661
28943
30288
31456
32184
34131
34966
35562
35695
36077
36197
36389
38378
41668
47029
47830
48517
51581
53269
54116
63734
67940
69437
78795
81910
173772
1199
1378
1859
2060
3736
3744
4846
5270
5396
6712
6811
6820
6937
7506
7521
7593
7627
7663
8156
8323
8327
8694
8910
9343
9475
9617
10341
10384
10728
11533
11987
12309
12784
13985
15349
15992
19089
19177
19639
19649
20182
20547
20749
22250
26996
27313
27919
28693
29296
29929
30644
32848
33848
34872
35430
36052
36879
37046
37208
37441
39147
40481
40912
41403
41445
42369
45469
46656
49325
50415
50852
51448
51695
52006
52349
56718
56940
59460
62728
69376
74795
76647
82816
230331
859
1080
1182
1391
2103
4557
4697
4963
5339
6095
6169
6759
7059
7078
7371
7666
7744
7812
7969
8433
8588
8632
9272
9362
9431
9985
10089
10775
11614
11847
11879
11918
12376
12647
12941
13460
13661
14556
14635
14649
14698
15749
15993
16326
16674
17086
18357
19212
19457
20114
20365
21299
21869
22010
22075
22386
23326
23485
23658
23695
24147
26564
28288
29029
30758
33733
35990
38845
39865
40338
40885
41960
44066
44920
48352
51072
51854
55138
59176
63824
70500
75461
75874
81978
82760
84744
87327
90479
164765
551
938
991
2174
2228
2473
2545
2609
3000
3903
5574
5598
5627
6387
6915
7285
7532
7955
8029
8145
9317
10232
10286
10451
11059
11130
11167
11798
12106
12180
12538
14265
14648
15040
15103
15309
16092
16620
16630
16692
19258
19470
21527
21774
21901
22266
23331
23418
24306
24453
24470
25343
25599
27736
29016
32306
32949
33344
34942
36076
36093
37891
40071
43976
44123
46025
48372
50530
52680
52953
52961
54588
62807
64368
64879
68163
68914
68940
69527
70993
75988
78704
83886
84310
157243
664
1625
1945
2082
2201
3168
3840
4505
4751
5316
6221
7088
7402
7419
7918
8600
8823
8826
9115
9129
9831
10308
10383
10504
10870
10923
11128
11171
11298
11377
11678
11863
11967
12241
12802
13427
13595
15790
16624
16794
17748
18141
18521
18667
18944
19458
19784
19949
20362
21094
22030
22284
22783
23693
24959
25434
27976
30021
31436
31462
31470
32194
32832
33365
36297
37179
37435
40113
45203
48351
49555
49558
51796
56830
60337
61476
61484
63303
65885
75305
79090
81307
84728
91655
425
747
818
1264
1514
1615
1874
2074
2148
2299
2358
2826
2891
3240
3805
4131
5013
5067
5203
5238
5582
5610
5670
5807
6718
6802
7386
8509
8608
8659
9039
9276
10816
11886
13031
13496
13504
13923
14178
14779
15653
15991
16249
16252
16502
16590
16823
16947
17778
18029
18218
19409
20236
20641
20648
21278
21292
22655
22928
23617
23641
24274
25884
26478
26941
27406
28864
29202
29869
30211
30406
31092
31130
31184
33045
33601
33684
34314
38329
38786
40876
43088
43240
43697
44799
45924
46774
49287
49644
54047
55492
56703
57731
59788
63116
63845
68327
78279
79015
83081
86377
90085
94025
95252
675
2159
2256
2271
2295
2575
3348
4019
4287
4469
4844
4983
5872
5911
5934
6022
6686
7146
7338
7836
8462
8944
9920
10952
11501
11778
11790
11982
12097
12343
13153
13709
14071
15164
16821
18280
18405
18838
19278
19591
19659
20002
21282
21745
22510
25030
27167
27353
29015
29222
29697
29712
30663
32096
32561
33888
34531
36783
39742
41479
50492
50561
63136
70174
76721
76842
79057
85464
88392
192784
1320
1559
1589
2101
2355
3045
3786
4130
4148
4293
4573
4968
5091
5170
5432
5865
6177
6278
7142
7714
7768
8365
8419
8708
8741
8988
10365
10377
10610
11592
11670
11883
12138
12221
12524
13598
13764
14196
14540
14884
15123
15794
16761
17581
17839
18732
19012
19088
19486
19498
19827
20377
20827
21658
23064
23677
24030
26384
26388
26817
28535
28898
28999
29039
29933
30029
30147
30185
30299
31838
33256
36536
36846
38203
38429
39335
39734
39965
44586
44683
44880
45852
46671
46995
49724
52240
52393
53007
57065
58410
59082
75290
77791
77870
78016
83754
84282
87470
88961
94311
1720
1982
2037
2182
2191
2320
2588
2752
4651
5369
5564
5585
5998
6189
6533
7038
7192
7320
8061
8167
8680
10019
10092
10288
10521
10705
11139
11207
11348
11822
11986
12254
12400
12405
12417
12550
12832
12851
12868
13421
13850
15217
15244
15579
15608
15666
16615
16675
17572
17786
18373
18394
18937
19645
19708
19834
20179
21559
22381
24207
24231
24747
25561
27803
27995
28599
29081
32451
37824
38256
39088
40337
40906
42727
44538
44934
46250
55619
60074
64046
67268
69563
71915
74673
74781
77742
80414
221758
441
1260
1374
1477
2199
2277
2795
3943
4230
4396
4465
4836
4916
5198
5411
5600
5672
5695
6683
6807
7016
7367
7554
7640
7705
8177
8497
9100
9264
9290
9602
9806
9859
9896
10042
10052
10812
11219
11486
11660
11722
12613
12973
13196
13481
13668
14318
14508
14664
15097
15282
15484
16349
16386
17318
17645
17772
18763
19304
19505
19712
20973
21000
21038
22338
22558
23402
23577
23912
24777
25367
25429
26098
27538
28336
29472
29541
30212
30235
31788
32260
32590
34646
38368
39437
39771
39823
42419
43117
43867
47010
48292
49011
50578
51220
53176
57465
61079
61946
62610
67016
67710
70681
71592
72906
79749
79937
81266
81362
82275
83191
83374
86303
89386
113
610
1176
1689
2530
2692
2968
3210
3947
4036
4254
4276
4468
4738
4927
4935
5609
5636
6542
6832
7136
7354
7810
8059
8138
8151
8638
9153
9238
9952
10346
10350
10399
10473
10653
10711
10930
11022
11194
11504
11578
11760
11999
12163
12300
13289
13325
13600
14524
15499
15567
15581
15967
16270
16352
17612
18017
18261
18526
18622
18725
19537
19583
20296
20677
20685
21481
22511
22821
23049
24979
25827
26502
27129
27188
27559
28921
29310
29361
29618
30492
31959
33127
34298
34513
36214
37000
37899
39268
41502
43337
44007
46915
46957
47535
48998
51834
55375
55521
56538
57690
58446
61386
88749
192996
475
1158
1805
2350
2595
2622
2732
3047
3531
3641
4077
4500
4925
5104
5143
5549
6464
6508
6880
6970
7130
7185
8302
8535
8612
8753
8900
9372
10123
10410
10723
11663
12251
12581
12959
13653
15277
15674
15818
16360
16748
17004
17183
17743
18311
18710
19272
19588
19674
20312
20397
21118
21487
22618
23772
23953
25278
26091
26634
28819
29392
29562
29964
30152
33096
33400
33539
33752
34195
37345
38406
41082
42249
43141
43774
47493
50844
51883
51989
55857
58563
59479
59744
60467
62283
66913
71285
77340
85477
87533
88336
89326
91993
161943
602
1490
1678
2697
2856
2963
3600
4056
4258
5561
5793
6054
6326
6964
7244
7261
7297
7479
7508
8040
8405
9312
9319
10372
10517
10746
10902
11009
11331
11541
11757
11852
12115
12211
12863
13315
14238
14653
15603
16535
17172
17277
17576
17649
18520
18743
19691
20166
20446
20834
21537
21792
22637
22703
22898
23744
25105
27962
28042
30907
31760
33111
35434
35716
37879
38708
39919
41378
46928
47620
50865
50949
57551
63815
70791
77637
79940
83288
84714
86265
88251
94893
206129
744
1090
1487
2484
2497
2762
2814
3757
3836
3982
4421
4462
4595
5027
5075
5197
5327
5468
5818
6104
6456
6514
6558
6640
6694
6863
6969
7380
7840
9603
10132
10307
10343
10345
11051
11268
11483
12084
12268
12345
12563
13012
13045
13969
13984
14354
14611
14687
14727
14963
14983
15131
15345
15827
16884
17652
17860
17883
18129
18140
18301
18443
18615
18864
20888
20912
21684
22067
22771
22955
22980
23833
23898
24509
24712
24822
25101
25148
26025
27402
27974
28481
28782
29806
29975
30143
32391
32508
33293
34880
35634
36529
36595
37218
39202
41615
42898
50331
54099
57278
57873
58397
69084
74708
75169
79899
83347
92495
811
1183
1468
1537
2180
2791
2806
2909
3071
3091
4164
4186
4440
4703
5162
5291
5622
6529
6556
6934
7006
7092
7122
7392
7499
7642
7892
7993
8036
8076
8139
8242
8380
8704
8981
9147
9231
9402
9712
9849
10024
10386
10503
10529
10624
10761
11279
11302
11716
11843
12081
12624
13534
13550
13769
14273
14427
14475
14477
14512
15184
15768
16492
16681
16842
16905
16928
17375
17445
18549
19000
19702
19779
19946
20173
20183
20368
20471
21436
21640
21916
22127
23104
23975
25048
26182
27781
27841
29381
29647
29850
30171
31136
31302
31665
32770
32784
32968
33447
34447
34577
35441
37363
38417
39653
40657
40817
41649
42080
42465
42681
42869
43698
43761
44397
48551
49333
49788
54810
54835
55697
56782
57666
59086
59238
60106
60765
65611
69285
76713
79213
83110
90765
93516
95718
187637
1225
2684
3244
3526
3692
3826
4022
4165
5041
5142
5150
5189
6150
7462
7966
8423
8473
8507
8657
9213
9494
9628
9781
9816
9906
10901
11336
11795
11925
12193
12497
13224
13505
14453
14459
15063
15289
15825
16921
16940
17931
18030
18106
19214
19474
19482
19816
19819
21825
22371
22391
23435
24101
24819
25216
26158
26862
27008
27143
27203
29749
29926
30218
30765
35812
35865
35971
36514
36575
37172
41547
44023
44127
46222
47164
49835
49940
52000
55404
56546
58717
58773
62043
62195
62534
62620
63605
64164
65516
66436
68434
68463
70496
80321
87208
91342
95447
1853
2452
2504
2926
3327
3360
3908
4361
4409
4674
5151
5312
5483
5924
5948
6114
6157
6455
6673
6852
6905
7031
7377
7387
7396
7463
7777
7794
7833
7911
8300
8577
9427
9749
9754
9779
10135
10231
10236
10356
10415
10512
10539
10713
10934
11084
11328
11414
11425
11704
11729
13007
13673
14090
14152
14308
14561
14754
14932
16202
16345
17738
17751
17899
18803
19041
19209
19300
19465
19630
20282
20564
20615
21061
21647
21716
21908
22007
22172
22523
22807
22881
23530
24927
24983
25582
26038
26122
27437
28091
29035
29754
30603
30810
32627
33335
34736
36748
36915
36939
38171
39152
39345
39725
40197
43127
44079
45691
45785
46570
48536
49553
50351
50716
52919
53871
54372
56339
56671
57621
63489
64111
66258
66375
71413
71720
73114
75486
81555
83712
86611
90002
214867
225
904
1037
1198
1549
1674
1769
1854
1999
2264
2283
2479
3343
3885
3954
4239
4358
4374
4631
5014
5028
5030
5045
5182
5356
5392
6006
7435
7767
7865
7917
7980
8190
8374
8422
8453
8502
8805
9767
10502
10604
10636
10674
11395
11656
12349
12573
12583
12597
12753
12825
13048
13568
13752
14255
14458
14541
14674
14717
15065
15385
15673
16860
17246
17254
17526
17548
17663
17917
17952
18078
20457
20503
20791
20961
21113
21842
22005
22440
23033
23065
23805
24751
25642
25927
25970
26561
26998
27102
27168
27228
28563
28685
28833
29234
29254
30270
30446
30455
30809
30931
31826
31961
32224
34291
37754
38667
40007
40674
41182
41720
41829
44091
47366
49416
51541
54726
57409
58118
58173
59080
66536
67095
69375
73472
75133
79298
80361
87667
92314
95576
184824
616
676
863
1013
1297
1475
1796
1967
2210
2598
3586
3998
4031
4044
4064
4117
4766
4845
4941
4993
5237
5314
5357
5523
5526
5540
5778
5935
5996
6356
6380
6527
6544
7033
7443
7677
7716
7820
8193
8468
8474
8751
8783
9455
9562
9803
10077
10240
10425
10499
12146
12582
13141
13187
13276
13874
15931
15977
16493
16886
17059
17457
17891
18000
18574
19239
20372
20469
20707
20800
21325
21561
22093
22109
22709
22890
23843
24028
24570
24660
25053
25065
25891
26510
26596
27028
27041
27224
27255
28565
29166
29903
30324
30451
30719
31256
31606
33970
34283
34583
35672
36737
38266
39046
39950
40027
40503
40933
41124
42723
43235
43254
45400
46335
47702
47756
48743
50170
52397
53573
53751
54971
55006
60367
62250
63307
63471
63961
64053
65867
71767
74872
76068
77769
82397
87967
89146
92299
179213
194121
433
1055
1247
1587
1749
2632
2860
2881
2954
3048
3372
3718
3912
4190
4245
4693
5310
5473
5837
6163
6258
6546
7379
7533
7611
7828
8114
8395
8525
8565
8972
9567
9883
10034
10266
10352
10467
10593
10852
10953
11434
11531
11681
12114
12745
12939
13323
13581
14119
14944
16065
16253
16714
16987
17098
17209
17390
17585
17789
17944
18224
18912
19303
20077
20112
20170
21126
21773
21817
22136
22353
23256
23815
23893
24501
24523
24601
25576
25711
26517
28301
28504
29125
30982
31154
31748
32335
34537
34915
36495
36807
37758
38557
40541
41298
42688
43327
45392
45583
46781
47299
48890
51503
51997
54902
55713
55915
57534
58205
59878
61384
62755
64561
65150
67536
72870
72967
74483
75699
81284
82505
87986
95530
105
238
758
849
857
972
996
1447
2087
2280
2373
2742
3057
3440
3677
3730
3925
4082
4184
4795
4953
5348
5683
5709
5755
5814
6088
6237
6745
6844
6909
7214
7514
7588
7610
7862
7884
7972
8349
8521
8597
8629
8883
8924
9257
10209
11227
11292
11481
11601
11708
12298
12556
12606
12651
12888
12995
13088
13197
13580
13627
14193
14452
14625
14645
14721
15472
15616
16183
16639
16894
16930
17812
17862
18589
18673
19321
20610
20884
21080
21261
22245
22285
22538
22769
22841
23214
23832
24217
24242
25243
26592
26781
26953
28235
28847
29636
29866
30092
31986
32988
33142
33817
34322
35166
35885
36397
36616
37574
38302
39554
39907
40016
40704
41016
42068
42593
44996
45379
47149
47688
49097
49765
51365
52640
53057
55213
56320
56793
57536
57555
61103
61542
61685
65319
66708
76787
77646
78215
79648
93193
194100
149
1116
1219
1454
2460
2726
2731
2869
2965
2974
3198
3383
3403
3544
4122
4615
4852
4942
5204
5548
5567
5594
6205
6609
6779
6933
6945
7284
7365
7544
7643
7736
7782
8166
8251
8591
8746
8809
8920
9093
9095
9443
9596
9709
9737
10204
11077
11079
11164
11352
11655
13834
15115
15144
15238
16412
17118
17425
17509
17623
17703
18343
18738
18781
20643
20731
20744
20771
21019
21186
21226
22013
22052
22530
22588
22701
22973
23060
23299
23382
24904
26588
26641
27159
27664
27805
28742
29012
29435
30697
31733
32328
32766
32843
33295
33694
33887
36610
38294
39248
40698
45719
45760
45901
46069
47133
48043
48185
50346
53761
54572
55483
55862
57360
57574
58957
59348
61702
63250
63551
64025
65755
68769
72384
72694
75600
76531
78877
79898
80352
82248
82554
88282
89759
89795
92076
92315
92984
95008
157183
228962
234114
97
1273
1458
1976
4052
4212
4422
4612
4823
4910
5298
5875
5886
6013
7336
7429
7444
7861
8275
8294
8416
8727
8851
9073
9104
9134
9868
9945
10268
10579
10734
10846
10869
11361
11705
12388
12516
13180
13282
13428
13755
14306
14574
14626
15041
15218
15999
16016
16717
16733
17261
17281
18188
18534
18707
19318
19447
19991
21142
21154
21198
22684
23141
23173
23259
23612
23746
24645
24821
25044
25051
25114
25410
25807
26401
28454
29625
31012
31138
31233
32050
32587
32998
34105
34356
34993
35832
35851
37334
37589
37792
37908
39087
39531
40387
40458
40683
40767
40784
40790
41784
41915
43958
45620
46262
48354
49823
50970
52942
52954
57898
58345
59933
61170
62428
65250
69454
74488
74939
75724
76536
76697
76714
76742
77403
77432
82272
83609
85601
85620
86662
87156
95687
174285
157
254
1019
1826
2298
2522
3085
3161
3200
3793
4371
4483
4929
5288
5313
5382
5763
5783
5788
6134
6348
6708
6766
6799
6898
6975
7157
7228
8263
8791
8825
8989
9321
9583
9708
9720
9791
9948
10222
10319
10329
10634
11210
11359
11394
11842
12082
14202
14435
14688
15466
16525
16939
17161
17268
17878
18247
18535
18790
18854
19139
19622
20513
20590
21430
21798
22242
23429
23819
24298
24591
24638
24715
24955
25456
25822
27392
28189
28276
28621
29500
29658
30236
30973
31080
31428
31862
31972
32434
32572
32773
33291
36059
37641
37715
38274
38339
38363
38574
39095
39591
39644
39673
39840
40013
40284
40648
40895
41088
41332
41769
42085
42648
42996
43617
43765
46318
46657
47310
49464
49712
50715
50733
51901
54171
54254
54507
54737
54759
55490
56385
56547
58024
58136
61205
66769
67235
68764
69619
69800
70838
72108
74932
75324
75468
75608
76709
76892
78187
78705
78878
78982
79810
80483
80835
83455
84464
85437
89376
90502
93531
95686
196416
139
246
1596
1699
1814
2196
2366
2369
2464
2688
2718
2775
3271
3407
3418
3681
5012
5052
5102
5317
5776
6001
6299
6342
6497
6988
7573
7942
8767
8779
9170
9563
10174
10253
10261
10525
10614
11024
11095
11253
11304
11857
12034
12204
12361
12377
12890
12907
12966
13059
13178
13188
13235
13371
13857
14587
14695
15171
15275
15312
15720
15924
16159
16211
16299
16428
16522
16819
16835
16942
17263
17343
17562
17590
17900
17971
18327
18791
18794
19307
19809
19815
20235
21155
21453
21835
22401
22411
22433
22576
22887
23027
23134
23295
23588
24604
24656
25771
26534
26543
27372
27760
28024
28348
30050
30226
30576
31208
31713
31725
32300
33718
34098
35707
36038
37466
38029
38369
38619
38710
38878
38923
39121
39399
39463
40838
41866
41902
42095
42204
44674
44938
44939
45061
45106
46655
47062
47064
47646
48217
48363
48598
50252
50870
53152
55278
58435
58469
58669
60003
60654
67265
67585
68887
69295
70975
71766
79751
80225
82497
83111
87749
87913
88419
88461
92121
170286
188236
191191
196564
211614
223606
952
1637
1964
2167
2189
2331
2567
2587
2908
3340
3634
3706
3923
3945
3986
4427
4594
4816
4962
5096
6156
6666
6765
7504
7622
7674
7686
8078
8353
8452
8457
8569
8930
8948
10108
10254
10710
11004
11133
11143
11390
11538
11565
12334
12436
12559
12574
12770
12793
12961
13486
13628
14460
14798
14928
15013
15605
15725
15796
16810
17294
17856
17908
18004
18377
18425
18553
18685
19515
20115
20306
20328
20951
21066
21124
21253
21485
21572
22166
22819
22827
23157
23265
23762
23949
25078
25626
26183
27840
30745
30794
31314
31343
31564
32525
33850
37972
38442
39631
41164
41224
42165
43397
43703
44072
44232
44780
44984
46695
47802
48604
49960
51026
51490
52849
57292
58336
60887
61501
62971
63606
70126
70320
70901
71598
75741
76828
79502
84645
86641
87830
88064
90394
90411
94286
543
688
845
1162
1555
2217
3308
3319
3398
3653
3732
4076
4247
4392
4644
4970
5135
5428
5607
5673
5894
5900
5926
6105
6160
6165
6311
6430
6504
7096
7343
7859
7866
8017
8120
8274
8661
8710
9553
9940
10190
10702
10896
11053
11180
11596
12752
12936
13162
13284
13303
13963
14894
14988
15896
15947
16268
16397
16816
17087
17219
17545
18023
18203
18288
18657
18739
19102
19688
19789
19859
21068
21320
21516
21878
21986
22670
22977
23098
23431
23446
23472
23557
24186
24283
24435
25177
25570
25722
25831
25905
26023
26209
26370
27237
27623
27792
27900
28317
28518
29041
29321
29679
30088
30154
31058
31190
32295
32809
32957
33508
33944
34086
34468
34929
35538
36423
36794
38993
40429
41347
42694
43954
44182
44418
46029
46464
47730
48232
48322
50110
51317
51680
54001
60611
61524
61645
62198
63006
63340
63396
64490
67976
71862
72632
73909
76274
78131
78347
79300
79490
81093
82898
82954
87924
90968
91829
92012
94150
796
822
1523
1540
1815
1950
2337
2627
2934
3267
3680
3811
3827
4098
4132
4663
4878
5049
5532
5579
5821
5925
6207
6234
6393
6554
6804
7143
7252
7824
7922
7994
8272
8524
9171
9441
10059
10172
10229
10996
11028
11320
11555
11821
11990
12132
12364
13004
13698
13747
14420
14603
14838
15080
15232
15862
15900
15932
16243
16963
17038
17046
17497
17644
18020
18353
18458
18750
18824
18960
19027
19194
19207
19662
19729
19852
19853
19983
20276
20297
20307
20348
20483
20708
20790
21167
21433
21497
21758
22254
22435
22441
22481
22634
22879
23164
23396
24173
24708
24874
25137
25211
25662
26162
26202
26226
26812
27612
27959
28014
28973
29641
30047
30216
30368
30959
32160
33338
33577
35604
36190
36348
36377
36773
38806
39247
40755
41349
42326
42532
43339
44986
46518
46749
46759
47337
47446
47532
47849
48113
49020
49244
49403
49718
52859
52920
53458
53554
53882
55346
55856
56172
57949
59124
62517
62538
63008
63272
63669
72378
76048
78273
79016
79657
82201
83711
90240
152
233
590
1357
1850
1988
2286
2884
3176
3334
3391
3964
4144
4492
4584
4704
4997
5405
5899
6008
6016
6090
6121
7245
7457
7480
8428
9638
9745
9815
10090
10755
10757
10859
11136
11266
11568
11868
11993
12006
12128
12578
13104
13166
13473
13555
13609
13612
14006
14233
15259
15332
15355
15983
16281
16366
16800
16911
17307
17761
17852
18160
18503
19123
19187
19306
19373
19655
20489
21107
21127
21413
21544
21864
22190
22731
24223
24275
24713
26834
26955
27047
27853
27857
27894
28426
28810
29284
29542
29986
31103
31329
31752
31849
32526
32709
33254
33582
33621
33780
34028
34547
34978
35226
35564
35585
35683
35719
35912
35983
36280
36584
36887
37832
38628
39582
40457
40518
40789
41244
41837
42268
42714
43795
44290
45898
46369
47248
52214
53014
53399
53635
54331
54698
55771
58456
65581
65878
66325
67182
67272
67955
70644
72012
77874
78621
82773
82800
86756
88912
90152
90446
91930
94090
241488
242333
155
384
1285
1792
1840
2016
2287
2391
2730
2973
3417
3619
3829
4232
4304
4607
4759
5029
5110
5127
5173
5330
5654
5659
5939
6374
6603
7454
7537
7784
7965
7978
8066
8155
8314
8443
8574
8674
8863
8990
9227
9490
9501
9721
9909
10191
10241
10306
10330
10692
10727
10822
11177
11429
11583
11927
12896
13026
13209
13283
13444
13451
13614
13731
14012
14228
14235
15586
16531
17679
17717
18307
18389
18466
18757
19195
19593
20836
20981
21005
21106
21759
21994
22755
23057
23280
23756
23796
24219
24590
24739
24921
25654
25917
26205
26713
26762
28459
28931
29672
29762
29872
30471
31088
31193
31617
33271
33642
34579
34647
36022
36497
36605
38540
38637
39013
39724
39777
40257
40684
40922
41015
41861
42668
43015
43527
43764
44004
45163
45306
45477
45850
47265
47460
47558
48575
52514
52565
52975
55108
55290
58414
58477
59011
61664
61752
62133
62331
63990
66230
74599
75810
78781
79881
83650
89408
90675
90963
92434
154421
117
665
937
946
1078
1244
2921
3141
3235
4377
4450
4818
4840
5352
5399
5619
5726
5749
6033
6503
7026
7057
7206
7305
7556
8027
8103
8196
8221
8424
8644
8701
8844
9057
9235
9623
9789
9943
9960
10063
10445
10540
10699
10813
10899
11461
11804
11959
12197
12238
12288
12535
12996
13248
13503
13535
13688
14009
14254
14293
14444
14763
14788
14824
15291
15304
15387
15728
16040
16049
16324
16376
16579
16693
17102
17319
17594
17910
17991
18365
18546
18552
18670
18830
18964
19100
19135
19261
19424
19969
20072
20364
20439
20506
20576
20863
20874
21260
21405
21414
21425
21638
22098
22147
22746
22857
23120
24359
24628
24701
24735
25064
25290
25472
25532
26222
26756
26999
27329
27938
29097
29582
29588
29609
30214
30278
30339
30756
30875
31519
31899
32563
34062
34261
34310
34379
34866
34890
35746
35972
37437
37514
37676
37780
38538
38953
38958
39090
40045
40988
41122
41437
41948
42613
42629
42890
42929
44868
45221
45543
46529
47142
47856
47894
49135
49264
50977
51415
51733
52371
55778
56652
57901
58040
59506
59763
60108
61108
62263
62773
62991
66488
67433
69717
73360
73504
74728
76659
77254
77782
78848
84163
85917
86499
86824
87398
88295
92820
94246
94860
122
994
1489
1526
1907
2365
2682
2768
3523
3866
4489
4554
4587
5785
5844
5846
6247
6378
6382
7155
7355
7410
7498
7615
7632
8013
8286
8357
8388
8431
8531
8544
8623
8667
8732
8775
9116
9230
9265
9384
9561
9979
10065
11149
11550
11789
12262
12506
12867
13107
13449
13891
14266
14335
14777
15199
15324
15397
15402
15441
15773
16187
16565
16661
16764
17762
17988
18081
18290
18313
19833
20822
20828
20843
21139
21672
21703
21905
22100
22445
22882
22889
23535
24094
24265
25118
25223
25284
25468
25547
26404
26477
26548
26642
26770
27189
27384
27410
27556
27589
28260
31179
31265
31637
33318
34543
36717
37499
37943
39103
39834
41392
41760
41868
42187
43402
43453
44031
44154
44534
44588
45640
45811
46438
46821
49134
49545
50236
50574
50702
51591
52470
53435
53940
54484
54577
55142
56879
59252
60497
60675
60955
61094
64763
65194
65536
65769
66263
70554
73531
73867
74718
75422
78930
79965
80310
82000
82151
82363
83042
83077
84589
85103
87593
90788
92535
93785
95356
95701
169199
171588
172240
186039
190286
137
236
248
662
858
1128
1180
1522
1616
1709
2015
2114
2152
2580
3182
3204
3701
3979
4094
4586
4719
4758
5074
5531
6086
6502
6647
7116
7291
7474
7616
7751
8269
8378
8666
8919
9332
9409
9923
10199
10291
10321
10741
10744
11276
11402
11477
11985
12263
12272
12607
12705
12807
13011
13184
13237
13351
13435
13455
13613
14226
14330
14807
14979
15206
15491
15708
15820
16407
16583
16752
16843
17262
17430
17551
18444
18610
18731
19449
19767
20711
20980
21025
21293
21458
21506
21733
21780
21920
22157
22543
22595
22894
23293
23573
23890
24121
24270
24541
25622
26068
26327
26372
26436
26669
26699
27130
27415
27654
27730
28302
28396
28502
28513
28613
29820
30003
30245
30755
31038
31621
31764
32237
33845
34387
34902
35134
35157
35452
35514
35926
36034
36469
36493
37490
38427
38707
39108
39478
39927
40359
40734
40758
42209
43100
43523
43642
44202
45003
49916
50402
50545
51085
51505
51598
51694
52014
52027
52053
52150
52378
52642
54359
55451
55616
61030
61671
61928
62812
64326
64791
65171
67023
67220
68727
70524
70755
72455
72583
74724
76040
80307
83717
83783
83964
84139
84272
85596
86904
87378
89691
92226
92713
93079
93572
93934
169979
212336
229565
812
1065
1093
1107
1545
1600
1810
2052
2711
3556
3565
3652
3707
3839
4319
4339
4627
5271
5510
5629
5824
6222
6355
7151
7179
7568
7571
7618
7671
7696
7757
7943
7977
8045
8348
8425
8530
8862
9233
9274
9633
9740
9744
9817
10082
10277
10625
10701
11000
11291
11803
12492
12505
12593
12937
13016
13140
14094
14197
14212
14242
14636
15066
15087
15162
15889
16085
16425
17380
17389
17755
18265
18367
18483
18554
19126
19337
19950
20035
20274
20367
20374
20682
20684
20781
20793
20990
21297
21358
21589
22040
22963
23564
24083
24102
24244
24467
24801
24988
25113
25209
25555
25644
26289
27525
27667
28000
28476
28795
29033
29531
29552
29696
29897
30001
31315
31497
31499
31766
32002
32439
32876
33742
34104
34445
34509
34994
35025
35260
35306
36876
37255
37604
38075
39710
39890
39951
40833
40986
41054
41312
42116
42328
42458
43668
43741
44183
44273
45438
45726
45975
46806
47272
47848
48945
49107
49593
51915
52256
53044
56099
59317
60210
60265
61689
61823
61910
64455
65761
65771
67518
68964
70023
70573
70883
72873
73292
74767
74814
76599
77004
77231
77282
78161
78407
78732
82108
84271
84972
88337
93109
152415
110
123
135
270
932
1929
1953
2112
2303
2626
2654
2727
2838
2983
3194
3344
3552
3716
3722
3802
3841
3968
4379
4503
4588
4605
4871
4896
5032
5160
5578
5733
5969
5971
6113
6174
6705
7314
7418
7605
7749
7805
8101
8163
8728
8739
8748
8884
9034
9423
9434
9671
9825
9856
10080
10258
10364
10561
10730
11078
11122
11212
11271
11376
11432
11931
12041
12167
12434
12533
12852
13343
13385
13947
14020
14061
14135
14566
14708
15016
15331
15656
15891
15975
16072
16435
16754
16790
16890
17481
17675
17698
17709
18805
18887
19461
19603
19869
20279
20539
20569
20627
21072
21192
21747
22032
22228
22645
22761
22778
22780
22826
23181
23304
23323
23474
23587
23680
24001
24106
24224
24781
24825
25138
25709
26094
26357
26975
27108
27281
27520
27604
28372
29064
30647
30742
31172
31210
31285
31574
32635
33490
34464
34797
35541
35687
35701
36432
36496
36931
36976
37361
38279
38981
42534
43148
43709
44125
44459
44502
45569
47140
47254
47424
48713
49282
49422
50534
51211
51545
51586
51785
51993
52426
52433
52641
52966
53177
54483
55129
56078
56142
56246
57019
57086
57354
58454
59774
62452
62689
62844
65059
65710
66425
66622
67744
70818
71458
73119
74654
74823
74840
80661
80815
81161
85029
85950
89391
90371
90496
93365
93956
94842
166305
180204
189402
192325
229575
136
153
235
861
865
1024
1239
1871
2093
2177
2476
2970
3930
4240
4457
4515
5186
5318
5386
5490
5618
5742
5827
5933
6081
6182
6267
6331
6461
6591
6684
6692
6750
6903
6960
7068
7172
7442
7445
7695
7720
7905
7967
8191
8335
8559
8887
8907
9366
9493
9990
10033
10669
11064
11132
11264
11346
11737
11895
12390
12406
12827
12986
13213
13410
13525
14023
14032
14092
14461
14714
14739
15340
15377
15403
15766
16034
16120
16136
16169
16348
17135
17152
17284
17424
17661
18086
18093
18618
18662
19079
19256
19902
20004
20087
20378
20642
20654
20966
21044
22274
22444
22542
22802
22876
23854
24323
24401
24507
24948
25455
25692
25950
25953
26028
26312
26782
27005
27119
27639
27807
27966
28726
29103
29885
29918
30372
30512
31068
31360
31547
31872
31975
32083
32452
34473
35007
35138
35424
36210
36598
36656
37160
37304
37529
37731
38005
38488
38591
39604
40549
40711
40719
40830
42051
42559
43006
43365
43408
43997
45161
45277
45547
45891
45991
46170
46208
46398
46676
48452
49095
49719
50288
50688
51047
51525
52290
52638
53865
57513
57832
58800
58837
59342
59346
59419
59440
60662
61880
62277
62744
63810
64285
64360
65085
65229
65531
67072
67499
67913
68948
70714
71501
72385
73331
75555
76627
78056
78570
82042
82603
83841
84069
87317
89728
91689
94218
132
910
1474
1550
1839
2383
2392
2408
2642
2928
2971
3089
3226
3422
4068
4107
4624
4685
4717
4742
4767
4784
5000
5487
5514
5727
6866
6910
7477
7649
7662
7783
7907
7924
8148
8234
8253
8495
8639
8698
8780
8937
9216
9358
9798
9904
10155
10665
10737
10903
11230
11242
11326
11355
11465
11508
11933
12005
12306
12477
12499
12618
12975
13105
13263
13366
13426
13522
13538
13554
13976
14438
14933
15035
15805
15838
16024
16257
16336
16539
16659
16798
17040
17099
17156
17205
17290
17902
18916
18934
19013
19390
19693
19958
19960
20488
20631
20713
20895
20918
21024
21111
21387
21649
21709
21720
22063
22082
22091
22134
23241
23296
24023
24141
24156
24278
24547
25034
25270
26556
26841
27193
27472
27563
28001
28311
28894
28945
29889
30346
30494
30909
31364
31654
31712
32641
33220
33634
33652
34167
34475
34651
34923
35292
36924
36990
37149
37631
37839
39064
39180
39291
40106
40214
40909
41227
41402
41571
42393
43493
44200
44208
45319
46104
46230
47375
48577
48870
49703
49863
50128
51372
51790
52287
53759
54288
54439
54841
55362
55648
58239
58325
58496
60598
61220
61284
62124
62919
63011
64234
64547
65362
65491
66636
66668
67992
68651
68772
69061
72569
73219
75054
75789
75793
75892
78685
78990
84772
85840
86771
86970
87196
87819
89078
90406
90568
90805
92647
92961
94184
94441
148675
173857
180559
194376
202565
115
130
131
158
226
955
1336
1430
1513
1567
1885
1959
2447
2948
3156
3171
3724
3761
3990
3997
4146
4169
4342
4382
4455
4648
4856
4858
4982
5287
5521
5745
6030
6093
6327
6439
6593
6721
6771
7093
7223
7301
7526
7651
8126
8160
8336
8358
8398
8890
9263
9356
9419
9477
9958
10018
10248
10491
12071
12253
12337
12464
12997
13079
13160
13667
13875
14186
14204
14610
14770
14906
14989
15114
15249
15478
15740
16070
16487
16765
16850
16952
17132
17241
18085
18118
18349
18490
18528
18879
18981
19367
19722
19727
20012
20135
20536
20671
20858
20999
21014
21333
21401
21408
21898
22672
22715
22985
23025
24194
24382
24508
24572
24625
24772
24929
25320
25423
25487
25694
26211
26254
26569
26667
26863
27225
27742
28025
28241
29322
29346
29597
30520
30871
31498
31521
31992
32897
32971
33218
33260
33901
34228
35140
35378
35680
35975
36700
37600
37603
38109
38508
38563
38701
38794
39051
39210
39405
39741
41920
42055
42643
42845
42905
43222
43460
43565
43675
44113
44439
46693
46730
46761
46881
48684
49428
50359
51074
52464
53562
53746
54771
56150
57106
57635
57650
58235
58980
59739
60282
60605
61228
61509
62766
63380
63468
65139
66239
66683
69344
70123
70454
71526
72172
75419
75843
77947
78891
78928
80058
81779
82359
82447
83902
88718
90229
90859
91355
92527
93490
94085
95349
95560
165659
190648
191229
233531
94
151
1465
2033
2262
2290
2441
2694
3185
3216
3277
3281
3660
3897
4073
4090
4195
4553
4672
4838
4904
4987
5258
5544
5771
6517
6600
6639
6641
6874
6991
7071
7181
7183
7934
8128
8343
8580
9133
9208
9599
9975
10169
10342
10601
10720
10941
11185
11300
11447
11690
11955
12336
12358
12397
12767
12945
13199
13218
13266
13373
13439
13786
13879
13884
14203
14599
14696
14701
14980
15136
15198
15240
15540
15628
15878
16343
16434
16778
16853
16956
17002
17877
18778
19208
19333
19375
19787
19871
19916
20075
20181
20807
21096
21383
21592
21952
22121
22484
22614
22994
23486
23699
23964
24036
24040
24535
24546
24716
25083
25624
25907
26128
26237
26411
26487
26546
26613
26755
27032
27034
27135
27248
27355
27430
28239
28651
28767
29533
29707
29925
30040
30074
30090
30106
30114
30710
30912
31781
31941
31968
32536
32677
33075
33667
33880
34093
34181
34586
35037
35218
36479
36630
36923
36928
37323
37555
38311
38881
39023
39244
40025
41034
41632
41658
41764
42101
42106
42117
42159
42179
42722
43716
44156
44491
45048
45896
46216
46271
46422
46910
47051
47132
48524
48529
51202
51566
51642
52911
53326
53527
53734
53993
54675
54814
56202
57491
58276
58377
58659
59055
59377
59380
59687
60026
60514
61003
61309
62327
64013
64268
65667
66787
68022
68294
68904
69004
70221
70457
72917
72938
73265
75051
75222
77802
78636
80109
80442
86115
88034
88635
89616
89934
90527
90737
93474
93864
94640
94938
159156
181140
195753
201597
202478
225464
229169
244156
95
230
250
317
407
969
1288
1641
2227
2402
3034
3104
3117
3212
3279
3558
3699
3996
4449
4518
4549
5262
5968
6043
6078
6224
6864
7195
7211
7275
7495
7726
7738
7850
8014
8065
8172
8210
8259
8460
8467
8714
8776
8905
9024
9035
9418
9822
9895
9992
10126
10437
10484
10694
10911
11106
11165
11269
11362
11491
11573
11605
11715
11730
11805
11905
12087
12109
12125
12187
12521
12649
12776
12854
13002
13787
13860
13902
14411
14430
14499
14535
14971
15842
15854
16110
16150
16307
16321
16593
16638
16777
17153
17176
17220
17494
17750
17811
17954
17987
18176
18814
19229
19387
20460
21122
21349
21479
21634
21848
21852
21988
22123
22230
24018
24480
24669
25009
25207
25314
26099
26657
26824
26880
27197
27218
27367
27467
27519
27586
28271
28684
29997
30326
31056
31337
31636
32280
33754
33767
34094
34512
34745
34858
35251
35286
35400
35668
35757
36702
37401
38155
38365
38400
38645
38653
38959
39308
40002
40591
40718
40751
40786
41808
42281
43210
43456
44197
44447
44932
45538
45926
46366
46699
46819
47295
47755
47801
48647
48744
49595
49845
50188
50731
51265
51672
51741
52712
53730
54324
54488
54603
55883
56180
56248
57341
57954
58172
58449
59187
59268
60854
61331
61556
61768
63299
64935
66373
66420
66469
67926
68396
69693
73954
74444
76506
76615
79103
79805
84074
85979
86201
87444
87990
91540
91630
91704
92520
95288
186613
238449
109
146
150
229
773
1294
1962
2003
2367
2648
2734
2758
2788
3153
3557
3879
3931
4046
4080
4289
4337
4601
4689
4930
5482
5735
5857
5937
6021
6519
6553
7073
7512
7821
8218
8301
8390
8764
8855
8873
8938
9007
9125
10299
10324
11306
11383
11431
11733
11776
11784
11787
12023
12484
12502
13101
13336
13838
14505
14712
14737
14852
14874
15395
15474
15507
15926
16174
16548
16575
16598
16603
16622
16747
16874
17164
17555
17592
17656
17740
17784
18207
18395
18705
18779
18983
19111
19280
19557
19579
19660
19854
19948
20053
20285
20294
20552
20689
20826
21160
21218
21295
21307
21540
21746
22131
23156
23319
23703
24065
24098
24573
24634
24755
24828
24985
25605
25628
25633
25705
25708
25756
25941
25976
26259
26895
26931
27935
28112
28295
28328
28450
29105
29327
29436
30192
30437
30474
30583
31454
31720
32541
32728
32895
32935
33229
33319
33586
33713
34319
34995
35141
35568
35617
35673
36321
36526
36722
36789
37537
38111
38227
38243
38469
38964
39226
39819
40475
40640
41089
41636
41717
41777
41939
41980
42127
42514
42758
42878
43400
43407
43731
44029
44334
44849
46133
46331
46348
46756
48668
50074
50333
51275
51334
51954
52058
52062
52825
52903
52947
53074
54172
54386
54630
54934
55031
55559
55792
56460
57190
57287
62219
62910
64381
65495
65960
66191
66580
66759
67167
67234
69323
70494
70680
71520
73486
73516
73875
75472
76223
76303
77130
77444
78029
78450
79210
79703
80868
83131
83435
87326
87396
87680
87870
88463
90069
91752
93148
93912
94305
153107
207176
106
133
141
245
870
1579
1711
1936
2959
3395
3459
3493
3546
3760
4199
4356
4889
5400
5453
5685
5779
6370
6797
6916
7039
7066
7460
7621
7732
8146
8165
8511
8536
8820
8834
8921
8927
9042
9103
9457
9509
9879
9915
10006
10046
10202
10203
10776
10988
11006
11041
11400
11643
11774
12044
12107
12118
12348
12503
12671
12785
12789
13181
13566
13813
14030
14031
14091
14206
14397
14585
14890
15342
15440
15550
15619
15660
15699
15739
16097
16580
16701
17167
17366
17393
17433
17720
18149
18155
18263
18274
18293
18410
18675
18930
18935
18954
18985
19099
19150
19231
20359
20495
20545
21143
21240
21653
21694
21731
21790
22025
22290
22310
22475
23073
23197
23361
23378
23476
24123
24170
24377
24526
24732
24851
24864
25255
25256
26225
27262
27533
27748
27869
27979
28043
28044
28329
28885
28923
28983
29129
29316
29413
29642
29993
30172
30344
30597
30666
30695
30738
30996
31205
31833
31904
31925
32135
32332
32820
33051
33105
33191
33505
33753
33939
33991
34518
35546
35861
36382
36750
36751
36895
37658
37699
37990
38129
38373
38672
39034
39358
39811
39942
39998
40443
41132
41212
41229
41275
41582
42070
42412
42431
43318
43413
43414
44456
44900
45038
45208
45448
45510
45605
45616
46560
46597
46625
46862
47004
47092
47985
48219
48929
49382
49991
50506
50958
51319
51390
51534
52326
53613
53798
54227
54751
55288
55692
56761
57348
58514
59610
59785
60037
60964
62501
62747
63001
63280
64557
65256
65463
66306
66444
66706
67418
68777
69116
69501
70278
71031
73068
75028
75395
77673
78503
79886
80344
82358
82753
82853
83332
84209
84709
85248
85354
86079
86636
90450
91210
91967
92829
93351
94321
94394
171446
183792
196472
114
144
224
240
790
929
1047
1226
1432
1586
1605
1912
2377
2589
3006
3295
3432
3463
3751
3959
4002
4092
4150
4811
4985
5448
5560
5681
5762
6280
6470
6962
7060
7102
7332
7685
7703
7787
7973
8176
8295
8672
8750
9005
9123
9157
9301
9433
9685
9696
9750
9799
9872
10200
10207
10522
10523
10627
10659
10721
10758
10860
10863
10883
11007
11086
11125
11552
11560
12126
12220
12294
12431
12722
12748
12980
13092
13216
13258
13556
13911
14035
14129
14570
14588
14627
14711
15100
15170
15771
15793
16177
16275
16284
16327
16368
16572
16738
17298
17334
17376
17561
17635
18650
18747
18772
19432
19632
19650
20422
20428
20766
20934
21183
21306
21739
21800
22207
22270
22344
22365
22421
22843
23221
23661
23930
24384
24385
24411
24446
24481
24826
24900
25075
25098
25289
25338
25460
25625
25806
26033
26104
26200
26438
26606
26885
26900
26930
27127
27315
27689
27915
28142
28161
28427
28827
28919
29457
29478
29891
30380
30637
30776
31443
31490
31554
31610
32045
32315
32423
32667
32788
33393
33777
34377
34755
34779
35316
35606
35978
36501
36774
36908
36962
37492
37779
38555
38945
39309
39490
39988
40202
40203
41440
41755
41974
42170
42880
42912
44121
44203
44218
44330
45140
45711
45823
46261
46286
46450
46522
46929
47198
48114
49096
49386
49534
51089
51269
52285
52519
53045
54086
54581
54699
54883
54917
55112
55661
55755
55967
57655
58572
59330
59642
60991
61086
61237
62196
62272
63738
64251
65597
65788
65932
66793
68457
68654
70282
72742
73048
73502
73743
73794
77278
78103
79623
80316
80347
81514
82279
82431
82715
83947
84071
85749
86508
87110
87330
87454
89274
90051
91788
93098
188373
196151
245580
111
134
227
247
249
899
1084
1470
1481
1517
1612
1768
1780
2323
2765
3017
3189
3543
3797
4151
4183
4300
4420
4538
4718
4783
5057
5328
5777
5803
6011
6433
6479
6524
6604
6638
6738
6778
7030
7241
7317
7375
7426
7566
7711
8055
8180
8282
8291
8346
8403
8621
9031
9348
9482
9805
10116
10217
10655
10693
10771
10799
11089
11213
11215
11360
11800
11911
11994
12088
12124
12134
12368
12875
12914
13030
13082
13578
13811
14260
14487
14554
14978
15019
15273
15384
15541
15752
15812
15846
16229
16663
16672
16782
16912
17190
17359
17617
17723
17737
18065
19128
19284
19478
19563
19598
19667
19739
20025
20073
20142
20191
20250
20472
20752
20868
21477
21573
21726
22095
22159
22763
22966
23083
23137
23722
23791
23903
24025
24807
25041
25161
25471
25718
26014
26902
26911
27059
27153
27341
27906
27948
28073
28446
28957
29045
29913
30287
30672
31479
31485
31816
32168
32191
32349
32521
32821
33358
33491
34211
34491
34557
34766
34932
35221
35678
35824
35904
35917
35920
35949
36142
36143
36211
36227
36593
37448
37602
37716
38315
38334
39073
39972
40440
40573
40900
40904
41560
41718
42205
43044
43314
43347
43481
43632
43911
44061
44363
44788
45040
46027
46108
46602
47364
47368
47953
47981
48265
48445
48721
48973
50669
51118
51234
51316
51394
52653
52847
52951
53140
53238
53310
53357
54003
54338
54409
55943
56031
56378
56415
57085
57550
58127
58144
62305
62579
62584
62992
64358
64904
65063
65210
66011
66770
67649
67651
68131
69335
69579
70321
70388
70835
71875
72657
74636
75092
75118
75260
75336
75352
76466
76548
77255
78111
79845
80037
80529
81872
82160
82714
84381
84926
86711
86715
87987
88990
89072
90636
90657
91037
91986
216780
159
223
373
971
1313
1388
1592
1738
1998
2399
2751
2820
2916
2920
3358
3984
4040
5248
5338
5861
6148
6158
6217
6357
6365
6369
6375
6440
6501
6515
6534
6581
6620
6819
7259
7270
7310
7669
7755
7778
8137
8297
8590
8717
8785
9077
9092
9277
9311
9659
9881
9882
9900
10137
10249
10454
10542
11202
11294
11490
11574
11861
11974
12077
12205
12239
12346
12404
12427
12564
13014
13044
13087
13242
13322
13405
13434
13494
13802
14028
14078
14082
14105
14157
14285
14294
14604
14669
14965
15064
15344
15569
15707
15902
16212
16245
16296
16490
16499
16662
17121
17225
18047
18525
18644
18745
18816
18933
19723
20288
20455
20864
20899
20955
21285
21618
22036
22048
22165
22339
22373
22643
22744
22825
22860
23023
23114
23118
23884
23935
24393
24497
24559
24932
25057
25419
25430
25549
26022
26227
26326
26512
26678
26808
26958
27175
27211
27583
27593
27806
27868
27891
28435
28942
28946
29089
29487
29512
29771
29787
29827
29860
30155
30251
30571
30604
31211
31776
32689
32741
32853
33413
33932
34116
34134
34203
34397
34655
34796
34887
35351
36182
36416
36734
36769
37121
37236
37381
37461
38068
38459
39282
39634
39931
40003
40496
40717
40831
40950
41056
42608
42764
42824
44504
45097
46071
46241
46310
46792
47999
48596
48753
49288
49339
49346
49994
50004
50461
50541
50640
51424
52167
52723
52778
52864
52949
53346
53971
54111
54154
54263
54855
55091
55106
55170
55255
55324
56004
56222
56421
57496
57696
58362
59281
59441
59557
59626
59670
59680
60100
60360
60484
62252
62345
62411
64394
65151
65316
65393
65618
65917
66054
66455
66560
66863
67821
69267
69298
69861
70512
71097
74648
74670
74854
75592
75656
76939
77689
77792
78154
78599
78747
79024
79395
80039
81993
83264
83548
84570
85373
85446
85502
85679
88377
88422
88962
89109
89286
89414
90307
90363
93805
94244
94542
155023
169966
179899
206446
143
702
1202
1256
1508
1713
2139
2190
2203
2229
2252
2485
2608
2769
3097
3257
3518
3690
3813
3846
4204
4447
4495
4519
4552
4899
5009
5283
5477
5711
5718
5966
6045
6069
6309
6618
6670
6732
6791
7366
7492
7589
7831
8215
8248
8351
8421
8581
8690
8865
8922
8966
9003
9176
9322
9326
9371
9543
9848
9950
9951
10093
10158
10628
10754
10906
11105
11225
11353
11511
11548
11598
11622
12043
12090
12399
12498
12529
12697
13337
13403
13630
14013
14069
14213
14341
14358
14637
14703
14794
14809
14825
15210
15214
15271
15473
15476
15711
15919
16037
16066
16138
16148
16191
16757
16964
17110
17498
17622
17672
17747
17764
17864
17885
18040
18107
18323
18460
18601
18906
18929
19032
19182
19255
19362
19527
20052
20265
20687
20776
21145
21284
21828
22017
22084
22361
22565
22602
22707
23032
23298
23409
23793
23822
23946
24062
24084
24109
24116
24555
24596
24725
24776
24968
25073
25397
25716
25792
26035
26519
26540
26954
27321
27400
27518
27721
27843
27928
28037
29058
29152
29738
30018
31544
31859
31911
31932
31943
32005
32449
32480
32631
32769
33311
33326
33640
34053
34493
34541
34661
35015
35188
35893
36065
36482
36521
36662
36670
36754
37383
37593
37759
37813
38024
38314
38410
38734
39044
39533
39557
39846
40309
40737
40905
40969
41017
41026
41815
41882
42602
42676
42678
43181
44205
44497
44921
45124
45227
45608
45672
45771
46595
46691
47219
47451
47728
48507
49766
50224
50317
50591
50726
51201
51287
51574
51859
51908
52032
52140
52408
52412
52610
53611
53666
53772
53955
54080
54088
54189
54392
55024
55150
55722
55934
56511
57108
57242
58333
59653
59907
60294
60701
61204
61594
62949
63544
63781
64283
65711
67950
68133
68804
69736
69764
69772
70546
71096
72346
73608
73676
73859
73951
74936
75851
76458
76579
76768
77372
77391
77882
78069
78514
79949
81487
81810
82928
83921
84362
84787
85176
86300
86810
88088
89065
89133
89494
90977
91755
91892
92025
93067
93144
95284
95620
191107
204292
103
116
244
483
582
1878
2026
2039
2110
2370
2405
2656
3350
3409
3651
3780
3806
3918
3942
4233
4297
4413
4727
4764
5297
5501
5506
6051
6085
6101
6414
6561
6855
7108
7505
8208
8324
8842
9128
9144
9735
9780
9937
10433
10709
10921
11137
11315
11440
11752
11815
11880
11882
12054
12130
12199
12264
12539
12830
12874
12881
12908
13015
13158
13239
13564
13632
13657
13840
13948
13987
14086
14125
14217
14249
14349
14560
15062
15093
15105
15141
15192
15197
15229
15288
15495
15512
15537
15767
16036
16335
16371
16683
16875
16975
17028
17770
18186
18393
18519
18630
18817
18844
19009
19183
19319
19641
19988
20218
20730
20942
21461
21491
21564
22092
22750
23046
23066
23466
23502
23550
23566
24155
24221
24536
24657
24824
25171
25351
25395
25524
25572
25673
26204
26516
26850
26978
27110
27124
27720
27764
28705
28961
29274
29400
29953
30069
30086
30416
30499
30537
30595
30869
30976
31595
31671
31770
32129
32345
32512
32636
32798
33117
33185
33350
33445
33553
33779
34170
34507
34601
34602
34765
34885
35121
35519
35778
36027
36334
36524
36687
36688
37539
37845
37980
38245
38489
38624
38658
38823
38930
38994
39078
39188
39675
40029
40199
40575
40791
40983
41196
41306
41411
42096
42360
43099
43260
44136
44669
45252
45654
45715
45832
46169
46793
47072
47141
47455
47806
48116
48278
48907
49008
49054
49760
49839
50029
51119
51179
51205
51215
51343
51436
51501
51842
52222
53180
53349
53618
53780
53924
54133
54187
55045
55053
55491
56670
57615
58319
59192
59239
59385
59514
60489
60815
63090
63186
63858
64303
64312
64460
64726
66320
66979
67636
68208
68775
70114
70685
70725
70742
72690
75307
75357
76641
77358
77573
78170
78606
80487
81368
82101
83952
84134
84762
85054
85187
85383
88007
90668
92750
93779
94047
94429
94713
182035
193112
119
121
252
568
1045
1046
1279
1317
1488
1516
1672
1862
2160
2771
2839
3087
3199
3241
3353
3617
3851
3868
4017
4053
4059
4664
4684
4803
4805
4837
5050
5187
5385
5431
5546
5566
5657
5704
5756
5851
6053
6391
6449
6737
6755
6833
6931
7024
7040
7048
7061
7403
7539
7578
7617
7762
7769
7939
8011
8084
8184
8212
8479
8482
8665
8723
8849
9112
9175
9449
10095
10317
10318
10361
10553
10643
10789
10840
10844
10913
11134
11488
11513
11524
11579
11833
11873
11881
11936
12353
12415
12509
12690
12760
12806
12864
13046
13057
13529
13548
13738
13744
13852
13903
14144
14241
14292
14792
15269
15529
15547
15595
15620
15715
15821
15836
16475
16478
16699
16709
16783
16858
16961
17247
17260
17292
17369
17383
17427
17597
17830
17967
18209
18462
18616
18777
18800
19346
19410
19635
19685
19963
20007
20159
20421
20444
20541
20619
21070
21087
21102
21419
21706
22033
22137
22657
22687
22760
22809
22815
22965
23041
23161
23257
23317
23915
23979
24073
24496
24746
25054
25129
25299
25509
25619
25773
25851
25931
26147
26443
26574
27205
27351
27396
27445
27557
27622
28177
28248
28273
28408
28471
28995
29958
30070
30600
31165
31199
31287
31529
31575
31673
31738
32719
32787
33217
33351
33406
33441
33989
34144
34218
34563
34768
34920
35239
35257
35594
35787
35883
36154
36636
36889
36891
37008
37372
37456
37637
38110
38131
38496
39698
39928
40039
40723
40759
40878
40914
41453
41870
41973
42653
42664
43355
43508
43929
43957
44298
44305
45649
46255
46904
47094
47095
47918
48092
48184
48568
49002
49314
49516
50163
50196
50229
50233
50261
50486
50732
52726
53380
53427
53508
53995
54411
54845
56024
56041
56231
56606
57238
58151
58163
58594
58622
58755
59920
60268
60620
60794
61939
62377
62843
63286
64130
64647
65251
65261
65385
65659
65790
66108
66122
66543
67409
67630
67792
69499
69590
70299
70408
71168
71647
72412
73744
74011
74656
75136
75248
75297
77924
78327
78464
79034
79478
79750
80365
81296
82364
82464
82643
82825
83372
85670
87140
87443
88181
88186
88224
88393
89826
90802
91045
91068
91071
91132
91349
92686
95074
196269
204686
212193
223551
228753
102
104
954
1493
1554
2038
2472
2628
2847
3287
3587
3664
3784
3867
3995
4192
4317
4550
4734
4790
4810
4898
5061
5201
5371
5475
5562
5869
6179
6204
6310
6358
6359
6810
6821
7979
8260
8478
8550
8647
8655
8811
9030
9045
9234
9237
9287
9297
9424
9444
9549
9597
9715
9724
9867
9936
9962
10003
10055
10140
10371
10387
10536
10631
10729
10767
10877
11032
11172
11188
11197
11217
11272
11666
11677
11710
11735
11801
12507
12536
12572
12826
12891
12932
13049
13151
13249
13392
13399
13432
13485
13596
13648
13808
14121
14312
14465
14481
14661
14685
14997
15048
15055
15096
15570
15955
16035
16285
16330
16707
16825
17067
17322
17444
17554
17573
17857
18050
18208
18867
18957
18991
19190
19281
19559
20330
20592
20655
21029
21055
21114
21134
21215
21323
21521
21532
21605
21620
21767
21804
21894
21998
22141
22184
22249
22296
22335
22550
22927
23129
23163
23186
23638
24163
24193
24324
24330
24368
24443
24574
24722
24730
24792
24876
25213
25469
25632
25930
26528
26571
26605
26621
27055
27459
27713
27989
28539
28586
29511
29616
29763
29858
29973
29992
30019
30061
30220
30650
31348
31525
31685
31692
32227
33192
33199
33343
33407
33769
33776
33950
34120
34206
34329
34863
34868
35044
36341
37043
37204
37281
37374
37429
37488
37508
38223
38321
38623
38703
38944
39223
39444
39446
39602
39830
39961
40098
40485
40576
40823
40887
40976
41048
41105
41415
41758
42234
42347
42517
42967
43024
43612
43854
43994
44027
44095
44442
44449
44602
44839
44876
44925
45156
45279
45801
46103
46114
46383
46447
47877
47940
48241
48453
48455
49131
49198
49348
49860
50885
51178
51492
52295
52624
52718
53266
53977
54229
54374
54898
55047
55101
55409
55454
55948
56376
56839
57149
57768
58705
59042
59140
59172
59510
59716
61145
61613
62930
63018
63683
63908
64944
65424
65582
66186
66202
66337
66533
66936
67360
67575
67692
68008
68397
69577
69831
70833
71094
71755
73313
73661
74145
74368
75174
75479
76588
77624
77975
78074
78865
79207
79852
80189
80240
80265
80356
80433
81789
82206
83975
84828
84843
85557
85597
86378
86473
86995
87322
87565
87665
87773
87941
89077
89760
90144
90594
90659
90718
91370
93034
93847
94109
94450
214324
221590
236126
238816
120
142
232
601
755
1509
1633
1934
2027
2150
2237
2362
2459
2478
2659
2689
2924
2986
3215
3258
3770
3789
3814
3914
3953
4137
4160
4568
4600
5509
5557
5633
5693
5761
5909
5941
6132
6284
6290
6401
6531
6656
6658
6774
7002
7127
7362
8113
8214
8293
8510
8642
8669
9164
9408
9518
9570
9620
9690
9731
9795
10036
10038
10265
10320
10560
10570
10584
10786
10798
10838
10929
10985
10997
11031
11058
11063
11131
11183
11257
11455
11688
11816
11825
11950
12371
12650
12680
12737
12924
12927
13198
13378
13382
13384
13518
13982
14111
14337
14569
14571
14863
14865
14923
15003
15130
15270
15298
15305
15612
15659
15758
16025
16219
16247
16260
16404
16812
17010
17123
17237
17420
17461
17492
17639
17815
17948
17979
18031
18038
18125
18193
18253
18573
18858
18865
18918
18926
18982
19175
19185
19490
19581
19596
19747
19783
19814
19846
20256
20589
20612
20792
20810
20877
21303
21738
21962
21969
22090
22140
22247
22306
22372
22608
22711
22729
22992
23165
23297
23668
23795
23922
24251
24317
24403
24469
24482
24714
25019
25257
25506
25583
25643
25664
25717
25802
26143
26371
26468
26503
26785
27063
27114
27120
27307
27320
27616
27731
27799
28262
28430
29004
29109
29116
29937
30064
30140
30149
30198
30402
30616
30631
30684
30827
30877
31085
31810
32759
33154
33299
33522
33744
33813
33900
33973
34313
34337
34539
34566
34833
35922
35932
36353
36390
36884
37054
37093
37526
37915
37956
38205
38399
38479
38523
38725
38738
39426
39813
39983
40015
40198
40314
40490
40493
40821
40918
40951
41050
42132
42161
42191
42617
42765
42935
43039
43105
43270
43329
43580
43763
43935
43982
44702
44719
44846
45115
45153
45867
46161
46418
46459
46492
46607
46682
47128
47891
48055
48142
48741
49237
49419
49825
49846
50366
50416
50998
51012
51070
51272
51335
51579
51716
51964
53368
53569
54205
54457
54794
55079
55221
55426
55628
55848
56527
56702
57740
58305
58923
59106
59672
59773
59794
59830
60020
61119
61580
62259
63073
63792
64319
68525
68780
68831
69653
69917
70013
70575
71152
71634
71659
71777
72606
73145
73787
74155
74399
74493
74909
74992
75274
75372
75558
76186
76910
76957
77291
77369
77881
78000
78119
78361
78379
80313
80832
83441
83517
83639
85236
87020
87506
88725
88770
88931
88935
89190
89398
89508
90423
91334
91600
92266
92344
95301
173976
176654
189800
204798
242374
99
108
237
251
255
661
749
780
1016
1651
1842
2145
2867
3149
3365
3460
3975
3991
4226
4387
4395
4545
4773
4847
5093
5166
5253
5345
5570
5746
5916
6073
6077
6246
6528
6588
6660
6834
6958
7018
7144
7217
7283
7307
7655
7748
8108
8135
8545
8571
8973
9464
9540
9622
9783
9925
10007
10120
10173
10305
10514
10662
10690
10768
10875
10900
10956
10960
11170
11561
11627
11628
11684
11832
11893
11942
12040
12073
12119
12201
12224
12265
12331
12545
12984
13062
13094
13123
13660
13735
13741
13826
14468
14518
14555
14833
15204
15236
15412
15501
15594
15632
15799
16068
16379
16626
16855
16869
16876
16901
16988
17112
17175
17197
17239
17265
17326
17454
17640
17785
17801
17822
17896
17999
18215
18322
18342
18368
18476
19044
19104
19276
19348
19358
19541
19893
20425
20733
20741
20754
20782
21026
21196
21617
22016
22120
22150
22219
22355
22941
22942
23024
23238
23540
23648
23937
23971
24124
24158
24188
24580
24646
24659
24664
24787
25081
25446
25546
25675
25720
25721
25914
26101
26140
26339
26570
26685
27174
27183
27238
27385
27630
27642
27735
27884
27922
27933
28382
28662
28854
28897
28979
29006
29112
29408
29753
29890
30518
30668
30867
31182
31516
31662
32049
32163
32171
32379
32726
32802
32881
33146
33153
33286
33303
33911
34111
34347
34405
34734
34761
35000
35145
35545
35744
35846
36260
36535
36666
36836
36865
37011
37267
37668
38187
38385
39001
39111
39455
39588
39656
39809
39886
40012
40084
40190
40276
40413
41237
42001
42173
42279
42998
43082
43112
43120
43563
43702
43983
44291
44400
44947
45176
45217
45362
45467
45843
46066
46079
46212
46361
46482
46732
47069
47096
47165
47217
47417
47459
48052
48308
48689
48754
50083
50757
51635
51960
51969
52783
52901
53347
53812
53833
54066
55383
55950
56482
56506
56791
56970
57216
57508
57689
57810
58017
58190
58400
58722
59155
59429
59622
59666
59924
60134
60275
60460
60518
60565
61074
61076
61199
61507
61536
63504
63723
63768
63982
64531
64543
65796
66336
66577
66579
66830
67200
67426
67954
68479
68509
68998
69707
70440
70534
70664
71287
71881
72020
72249
72963
73333
73789
73982
74321
75314
75947
76428
76932
77302
77979
79774
80224
80376
80697
80737
80790
81216
81547
82135
82210
82253
82644
82973
84142
84823
85042
85163
85579
85683
86284
86298
86501
86646
86783
89039
90101
91000
91526
91543
91817
92308
93132
93230
93528
93887
94259
94538
94858
95587
154200
171718
171893
173775
175267
209011
209720
218781
225775
231058
235181
107
118
928
979
1213
1383
1564
1790
1837
1939
2241
2502
2616
3224
3499
3663
3769
4354
4864
4888
4959
5118
5211
5380
5963
6197
6266
6730
6842
7224
7279
7381
7511
7592
7638
7693
7791
8134
8238
8241
8256
8406
8700
8947
9060
9185
9315
9535
9612
9758
9788
9807
9899
9902
10186
10603
10677
10750
10793
11008
11602
11630
11636
11983
11984
12155
12393
12645
12656
12779
12855
12934
13068
13095
13112
13340
13369
13506
13567
14172
14314
14340
14598
14784
14860
15025
15207
15369
15445
15485
15525
15564
15609
15738
15850
15928
16071
16320
16476
16569
16837
16998
17351
17680
17769
17795
17949
18089
18094
18252
18713
18882
18993
19120
19167
19561
19589
19740
19748
20459
20594
20703
21093
21216
21337
21384
21452
21541
21600
21624
21772
21815
21907
22038
22081
22447
22732
22773
23038
23047
23109
23130
23315
23578
23801
23899
23925
24367
24379
24609
24762
24974
25212
25910
26321
26473
26754
26759
27069
27094
27380
27532
27802
27923
28473
28578
29088
29454
29456
29508
29845
29931
29935
29938
30347
30379
30436
30653
30762
30977
31192
31207
31262
31271
31282
31324
31488
31619
31740
31902
32011
32107
32321
32341
32450
32570
32712
32783
32835
32845
32985
33060
33094
33159
33961
33979
34462
34725
34879
35027
35467
35613
35667
35909
36080
36193
36301
36331
36628
36676
36760
37272
37740
37883
38755
38855
38920
39272
39605
39648
39870
40121
40659
40889
41058
41606
42024
42099
42151
42416
42583
42821
43871
44552
44995
45213
45553
45663
45865
46037
46048
46053
46058
46288
47161
47305
47380
47866
48034
48086
48549
48564
48773
48790
49329
49625
49927
50318
50714
51444
52191
52857
53174
53345
53970
54202
54219
54827
54923
55702
55839
56067
56092
56551
56553
56861
56992
57003
57265
57282
57296
57675
57924
58523
58626
58679
58883
59054
59987
60343
61372
61801
62020
62189
62266
62696
62830
63118
63151
63661
64416
64512
64673
65169
65260
65561
66590
67068
67120
67214
67571
67775
68724
68947
69047
69740
69897
70629
70948
71565
71940
72875
72933
73361
73970
74464
74922
75179
76147
77227
78028
78589
79246
79585
79830
80724
81495
81821
81988
82115
83113
83205
84226
86379
86825
87145
87314
87779
88341
89832
90641
90695
91554
92015
92472
92526
92931
93517
94506
150800
156572
176217
178571
183748
231416
96
98
1813
1986
2076
2382
2901
2910
3005
3062
3248
3250
3255
3626
3684
3705
3951
4166
4197
4200
4278
4632
4943
5103
5535
5552
5640
5984
6068
6180
6202
6345
6441
6637
6735
6746
6801
6913
7161
7287
7327
7344
7503
7525
7625
7745
8220
8316
8668
8974
9013
9064
9070
9143
9280
9425
9527
9550
9578
9582
9827
10252
10260
10382
10483
10666
11045
11090
11603
11615
11723
11762
11785
12007
12029
12051
12117
12131
12139
12291
12315
12440
12452
12466
12709
12717
12732
12815
12869
13076
13131
13517
13539
13542
13574
13674
13777
14156
14218
14244
14657
14921
15031
15032
15124
15168
15306
15380
15513
15545
15557
15831
15843
15864
16079
16271
16549
16666
16768
16787
16856
16996
17122
17487
17490
17624
17636
17683
17708
17787
17897
18120
18408
18773
18811
19201
19285
20110
20126
20199
20255
20305
20360
20533
20755
21076
21121
21279
21344
21699
21712
21976
22050
22068
22330
22384
22449
22483
22569
22730
22749
22885
22993
23212
23248
23383
23394
23425
23571
23615
23720
23896
23932
24127
24184
24285
24336
24548
24987
25017
25124
25164
25186
25300
25386
25553
26002
26065
26437
26500
26714
27194
27263
27421
27453
27743
27929
27960
28011
28092
28315
28955
29026
29051
29128
29280
29458
29464
29683
30102
30502
30562
30659
30832
31553
31572
31588
31954
32133
32137
32250
32303
32323
32762
32883
33342
33367
33899
34099
34230
34708
35178
35264
35647
35790
36238
36553
36648
36802
36823
37029
37707
38033
38176
38718
38814
39187
39286
39361
39441
39637
39797
40022
40049
40109
40310
40366
40486
40550
40934
41052
41266
41465
41486
41499
41579
41643
42313
42614
42616
42712
42902
42909
42971
43007
43267
43831
43900
44610
44933
45047
45112
45530
45912
46166
46471
46690
46944
47339
47470
47685
48271
48834
48928
48957
49064
49388
49941
49982
50054
50187
50510
50565
50604
50943
51629
52569
53410
53631
53857
54305
54383
54871
55293
56054
56257
56341
56754
56986
57416
57532
57552
57639
57692
58016
58540
59177
59492
59624
59966
60145
60350
60402
60730
61096
62332
62364
64049
64168
64528
64882
64963
65489
65903
66172
66558
68197
68235
68359
70092
70150
70826
71053
71101
71214
71528
71552
72803
73381
73561
74839
74931
74995
75219
75364
75725
76612
77145
78157
78257
78493
79084
79515
79948
80160
81897
82145
82349
82558
83099
83728
83743
84250
84433
84697
85287
87737
89145
89471
89681
90865
91264
92275
92386
92664
93324
94553
94589
94606
94968
95315
151345
170772
177801
185310
203684
233263
234459
245991
128
228
253
527
630
711
742
1041
1282
1740
1904
2142
2535
2581
2647
2657
2676
2893
2903
3275
3324
3342
3465
3519
3695
3713
3952
3961
4024
5001
5196
5419
5632
5649
5691
5707
7001
7458
7535
7756
7761
7815
7983
8022
8186
8203
8276
8375
8458
8790
9090
9118
9166
9375
9841
9851
9853
9957
9966
10067
10160
10257
10280
10605
10912
10936
11500
11635
11669
11709
11917
11940
12063
12120
12245
12273
12303
12642
12716
12750
12843
12913
12949
12987
13099
13206
13256
13280
13310
13393
13465
13482
13817
13820
13841
13942
14051
14102
14179
14472
14691
14722
14864
14888
15027
15246
15433
15471
15566
15736
15783
15962
16044
16126
16258
16332
16477
16588
17058
17101
17133
17238
17456
17540
17829
17867
17869
17918
18183
18709
18721
18821
18939
19511
19666
19730
19830
19857
19962
20009
20017
20045
20048
20050
20169
20441
20500
20566
20638
20796
20943
20978
21108
21637
21721
21813
21964
22021
22246
22350
22389
22570
22590
23202
23721
23856
23997
24183
24228
24445
24571
24582
24613
24671
24775
24804
24845
25141
25178
25199
25215
25408
25606
26079
26255
26709
26829
26903
26923
27043
27150
27587
27702
27810
27994
28013
28261
28378
28399
28593
28844
28953
29147
29211
29371
29553
29873
30101
30108
30124
30332
30434
30575
30624
30642
30652
30657
30718
30957
31047
31051
31064
31500
31534
31737
31888
32467
32530
32637
32748
32939
33283
33580
33687
33732
33740
34025
34288
34559
34625
34810
35299
35691
35875
35945
35958
36033
36139
36325
36453
36457
36491
36667
36679
36893
37130
37317
37852
38158
38211
38226
38333
38420
38507
38696
38714
38870
39258
39417
39499
39527
39754
39816
39874
40060
40153
40167
40495
40565
40875
40958
41095
41173
41213
41685
41793
41848
41984
42618
42736
42901
43209
43717
44152
44543
44577
45138
45307
45418
45704
46124
46931
46987
47478
47479
47501
47512
47614
47797
48038
48320
48849
49367
49412
50030
50348
50656
50817
50936
51231
51454
51640
52450
52810
53029
53384
53624
53886
54092
54139
54302
54653
55327
55698
55827
55867
56276
56455
56597
56896
57120
57163
57171
57267
57297
57593
57667
57772
58922
58977
59301
59386
59696
59781
59944
60610
60876
60900
61921
62253
62727
62825
63020
63330
63656
63945
63981
64258
64324
64422
64676
64891
65406
65876
65937
67061
68438
69089
69472
69702
69899
71060
71207
71597
71621
72703
74159
74193
74386
74715
74976
75282
75528
75848
76123
76321
77267
78177
78304
78510
78893
79027
79570
79649
79677
80032
81350
81585
82381
82405
82602
83359
84591
85343
86120
86147
86344
87116
87712
88110
88300
89233
89320
90337
91145
91284
91539
91563
93135
94365
95235
95413
184132
186167
186779
203058
214744
223624
225547
237593
100
147
1072
1181
1278
1376
1408
1417
1418
1620
1726
2013
2042
2156
2170
2273
2678
2714
2773
2994
3243
3283
3416
3597
3809
3940
4312
4428
5082
5126
5494
5517
5650
5655
5823
5856
5879
5950
6139
6236
6286
6552
6724
6850
6885
6923
7003
7417
7633
7713
7727
7897
8245
8537
8724
8857
8867
8872
8916
8987
9094
9201
9313
9397
9733
9814
10050
10283
10311
10396
10613
10724
10847
11088
11157
11206
11233
11369
11503
11632
11850
11949
12296
12330
12401
12462
12711
12727
12813
12882
12884
12991
12993
13230
13418
13634
13654
13655
13670
13792
14163
14183
14220
14333
14384
14702
14732
14738
14955
15302
15308
15436
15518
15532
15626
15703
15845
15872
15887
15916
15982
16011
16100
16154
16197
16468
16529
16532
16573
16799
16873
16934
16943
16995
17078
17396
17768
17792
17834
18010
18014
18055
18170
18172
18191
18264
18325
18422
18617
18677
18729
18859
18874
18895
18946
19125
19129
19136
19277
19378
19411
19572
20015
20026
20152
20243
20275
20475
20509
20521
20663
20729
20764
20814
20969
21236
21283
21489
21628
21881
21888
22236
22364
22764
22824
22904
22930
22987
22988
23087
23194
23397
23408
23428
23491
23555
23787
23934
24293
24390
24412
24451
24566
24831
25217
25442
25535
25738
25984
25997
26103
26126
26308
26414
26515
26628
26889
26921
27113
27683
28020
28136
28156
28185
28254
28263
28286
28292
28360
28750
28761
28905
29094
29208
29311
29540
29725
30036
30177
30237
30269
30623
30635
30686
30882
31028
31034
31266
31386
31670
31727
31753
31832
31974
31979
32039
32102
32164
32365
32519
32768
32852
32878
32953
33024
33095
33120
33289
33544
33793
34074
34306
34325
34532
34816
35632
35768
35872
35880
36123
36319
36410
36594
36693
37020
37379
37506
37556
37665
37833
37844
38495
38548
38642
38928
39109
39293
39300
39314
39435
39475
39552
39805
39871
39997
40059
40358
40608
40840
40896
41020
41282
41584
41684
41805
42228
42382
42955
43499
43844
43946
44078
44114
44149
44250
45079
45241
45328
45397
45686
45902
45962
46139
46554
46923
47193
47289
47408
48422
49250
49945
49952
49972
50176
50304
50713
50960
51422
52031
52227
52275
52278
52933
53361
53579
53582
53927
54109
54145
54412
54866
55020
55465
55558
55914
56502
56507
56525
56614
56623
57043
57175
57482
58044
58183
58277
58385
58701
59243
59782
59984
60002
60047
60101
60296
60378
60780
60922
60936
61005
61378
61391
61924
61966
62980
63462
63506
65343
65414
66744
66814
66867
67102
67119
67831
68716
68844
69243
69441
69544
69798
69832
70383
70410
70981
71422
72000
72833
72885
73952
74106
74211
74565
75032
76414
76890
77285
77756
78080
78088
78469
78808
79113
79218
79248
79511
79697
80351
80722
80952
81683
81783
83272
83331
83929
84101
84228
84363
84555
85140
85186
85483
85541
86617
86631
87238
87991
88474
88788
89069
90241
90551
90593
90654
92278
92361
93317
93583
94198
94439
95217
95502
151191
152232
154179
162863
169154
177272
189487
190183
193348
194513
101
160
231
831
1098
1164
1222
2239
2436
2563
2579
3012
3159
3252
3547
3686
3700
3821
4360
4410
4542
4564
4933
5235
5503
5589
5699
5944
6087
6140
6190
6538
6569
6651
6800
6846
6853
6872
6936
7150
7230
7272
7459
8094
8174
8264
8333
8362
8420
8878
8992
9052
9097
9180
9247
9378
9388
9474
9479
9734
9764
9912
10016
10225
10366
10452
10680
10686
10691
10878
11038
11181
11263
11299
11318
11379
11484
11549
11606
11650
11653
11672
11884
11909
12000
12101
12171
12338
12414
12435
12520
12643
12674
12702
12841
12895
12942
13017
13211
13563
13625
13697
13740
13762
13812
14018
14080
14210
14471
14816
15189
15190
15546
15585
15606
15614
15645
15724
15795
15803
16198
16773
17100
17142
17459
17667
17810
17962
18475
18567
18680
19018
19047
19087
19092
19213
19288
19325
19359
19509
19517
19653
19682
20031
20109
20227
20465
20666
20815
20897
20972
21136
21221
21340
21498
21805
21871
22060
22070
22222
22238
22267
22324
22451
22589
22626
22648
22747
22877
23075
23269
23389
23522
23531
23729
23732
23790
23812
23956
24061
24197
24301
24575
24749
24752
24806
25018
25082
25133
25226
25303
25691
25790
25800
25828
25834
25876
25966
26004
26067
26153
26390
26961
26982
26985
27033
27202
27223
27412
27435
27446
27483
27661
28326
28589
28631
28658
28895
28926
29038
29114
29148
29727
29905
30094
30283
30300
30399
30412
30430
30705
30807
30856
31032
31198
31291
31404
31824
31886
31891
32488
32626
33083
33098
33272
33506
33762
33764
33816
33928
34259
34620
34795
34973
35161
35653
35765
35800
36384
36527
36627
36809
36974
36988
37248
37459
37643
37742
37849
37865
38148
38207
38281
38460
38527
38584
38625
39355
39773
39833
40363
40430
40571
40863
41354
41687
41787
41968
42015
42237
42266
42332
42349
42389
42453
42493
43049
43278
43367
43388
43393
43752
43902
43922
43953
44103
44115
44386
44401
44469
44598
44734
44923
45044
45130
45299
45402
46004
46100
46205
46452
46519
46705
47103
47216
47771
47997
48070
48233
48245
48388
48601
48673
48718
49347
49693
50580
50698
50841
50882
51011
51254
51498
51513
51819
52189
52218
52476
52591
53108
53211
53294
53379
53604
54040
54126
54329
54446
54812
55649
55985
56439
56532
56909
57172
57393
57599
58050
58236
58558
58623
59131
59148
59856
59929
60526
60606
60923
61607
61672
61826
61906
62236
62414
62984
63017
63367
63799
64265
64723
65702
65794
66052
66101
66153
66282
66690
66768
66857
67039
67230
67885
67887
67959
68351
68369
68418
68550
69030
69251
69713
69777
69828
69975
70059
70157
70825
72230
72371
72795
72813
73093
73102
73620
73628
73643
74463
74970
75105
75323
75541
75579
75829
75931
76049
76108
76176
76280
76624
76730
76862
77028
77047
77051
77266
78210
78311
78934
78950
79584
79659
79917
79987
80165
80175
80740
80858
81062
81197
81246
81566
81708
81885
81992
82291
82729
82979
83258
83354
83673
83901
84089
84170
84212
84309
84409
84476
85721
86943
87006
87150
87547
87686
87980
88408
88673
89257
90871
90907
91417
91735
92610
93719
94231
94411
94621
95448
95462
170080
175273
181284
186447
188460
190608
191658
202368
228565
148
649
1444
1563
1893
2253
2300
2462
2637
2825
2990
2991
3039
3144
3231
3290
3366
3458
3739
3838
3934
3969
3978
4219
4329
4369
4512
4574
4708
4882
5678
5812
5815
5990
5997
6226
6292
6990
7011
7113
7169
7207
7321
7401
7420
7527
7570
7667
7876
7946
8012
8077
8121
8209
8299
8485
8487
8585
8686
8687
8847
9001
9008
9075
9076
9121
9403
9435
9747
9944
10296
10336
10430
10432
10436
10950
11092
11211
11527
11817
11846
11964
12021
12165
12183
12312
12395
12420
12662
12811
12818
12899
13021
13077
13173
13251
13253
13333
13354
13440
13642
13681
14089
14149
14258
14522
14579
14651
14920
15037
15182
15391
15559
15584
16160
16164
16188
16337
16382
16424
16480
16481
16485
16510
16556
16864
16909
16933
17055
17274
17295
17484
17506
17790
17848
17981
18109
18117
18214
18275
18334
18382
18402
18440
18453
18468
18493
18498
18539
18600
18686
18818
19046
19178
19324
19551
19613
19651
19872
19899
19908
19972
20032
20262
20338
20476
20484
20522
20543
20550
20768
20839
20979
21129
21135
21197
21442
21880
22034
22564
22695
22878
22903
22913
23105
23174
23249
23358
23700
23713
23836
23900
23909
23958
24047
24079
24232
24356
24370
24504
24785
24835
24869
24976
25126
25192
25380
25412
25465
25539
25646
25676
25736
25763
25841
26271
26764
26793
26845
26974
27084
27087
27344
27439
27482
27495
27628
27631
27662
27747
27793
28070
28200
28305
28470
28568
28645
28649
28661
28756
28830
28856
29190
29228
29303
29465
29516
29590
29765
29818
29999
30052
30087
30377
30683
30746
31013
31164
31505
32031
32032
32087
32457
32645
32822
32889
33056
33067
33241
34071
34250
34422
34685
34936
35076
35275
35281
35553
35711
35780
36016
36861
37263
37284
37652
37722
37825
37961
38180
38292
38611
38886
39261
39386
39393
39420
39708
39973
40021
40124
40665
40757
41412
41534
41801
41943
42000
42078
42169
42199
42662
42683
42689
42760
43188
43194
43353
43585
44240
44431
44517
44524
44587
44673
45037
45077
45127
45416
45443
45495
45544
46188
46751
46755
46867
47567
47675
47914
48028
48573
48804
48975
48983
49216
49393
49924
50068
50266
50445
50768
50940
51041
51168
51338
51611
51627
51958
51967
52039
52213
52340
52742
52797
52865
52876
52940
53133
53434
53665
53863
53983
54051
54450
54693
55274
55530
55968
56134
56151
56383
56495
57129
57535
57658
57895
57933
58124
58574
58715
58844
59293
59322
59376
59770
59869
59993
60516
60777
60796
60834
60897
60979
61099
61120
61468
61814
62059
62340
62491
62499
63099
63320
63383
63429
63852
63881
64072
64379
64734
64987
65505
65507
65555
66074
66254
66547
66596
66967
67044
67332
67576
68218
68252
68891
69015
69625
69724
70031
70165
70229
70254
70309
70760
71005
71073
71140
71942
72075
72796
73146
73624
73767
73872
74417
75585
75593
75654
76591
76719
76723
77081
77930
78931
79526
80187
80248
80656
80745
80788
81281
81292
81520
81646
81987
82608
83685
83797
83800
84157
84391
84478
85250
85812
85978
86134
87124
87250
87365
87502
87731
88008
90966
91077
91268
93103
93183
93359
94608
94778
95146
95298
162808
178814
179896
187543
216623
217252
225280
227422
236200
243343
154
412
1157
1291
1355
1553
1755
2209
2813
3014
3280
3320
3567
3932
4065
4347
4525
4629
4645
4745
4972
4978
5139
5414
5930
5964
6119
6164
6214
6244
6261
6347
6492
6545
6662
6929
6977
6997
7037
7070
7137
7436
7493
7585
7619
8048
8106
8150
8243
8310
8344
8391
8430
8436
8470
8589
8852
8875
8911
8986
9453
9557
9655
9886
9984
10010
10012
10188
10409
10557
10597
10657
10658
10682
10917
10947
11021
11083
11252
11398
11474
11542
11640
11661
11706
11707
11875
11899
11916
11992
12095
12259
12295
12380
12774
12904
12952
13006
13053
13165
13183
13252
13501
13646
13663
13751
13798
13873
14047
14170
14215
14301
14309
14356
14386
14542
14692
14747
14764
14796
14821
14986
15009
15036
15069
15294
15503
15505
15555
15737
15746
15775
15905
16075
16125
16143
16207
16236
16558
16614
16721
16893
16929
17166
17212
17372
17382
17527
17543
17560
17704
17939
17957
17970
17998
18069
18115
18136
18179
18194
18233
18515
18568
18578
18592
18648
18715
18788
18878
18917
18955
19105
19271
19329
19670
19741
19887
20078
20268
20314
20384
20579
20621
20632
20732
20750
20818
20846
20991
21054
21291
21362
21575
21632
21661
21777
22309
22377
22579
22597
22623
22789
22846
22906
22921
23124
23623
24113
24209
24230
24333
24354
24463
24600
24643
24679
24690
24765
24782
24865
25025
25145
25166
25228
25247
25312
25424
25537
25977
25992
25994
26108
26131
26190
26207
26291
26345
26389
26403
26651
26820
26852
27221
27285
27363
27389
27393
27416
27477
27510
27571
27650
27704
28062
28323
28457
28723
28853
29090
29283
29328
29492
29503
29564
29619
29832
29921
30411
30460
30488
30826
30852
30942
31037
31259
31471
31483
31495
31542
31556
31778
31966
31989
32257
32320
32396
32462
32487
32638
32674
32890
32915
33055
33113
33188
33208
33584
33603
33625
33670
33673
34455
34461
34500
35090
35232
35721
35845
36037
36079
36312
36373
36732
36765
36781
37063
37163
37205
37220
37276
37306
37405
37527
37730
37869
37958
38186
38352
38372
38532
38788
38830
38956
39105
39262
39403
39410
39757
40051
40104
40424
40568
40716
40802
40932
41031
41168
41279
41331
41497
41591
41705
42236
42280
42364
42429
42663
42984
43118
43217
43647
43798
44025
44101
44139
44212
44530
44816
44878
45308
45522
45723
45943
45965
46253
46442
46478
46598
46767
46878
46933
47200
47283
47338
47473
47590
47622
47640
47919
47989
47993
48044
48220
48275
48403
49245
49406
49701
49710
49713
49801
49844
50270
50564
50793
51066
51347
51487
51888
52057
52309
52513
52784
54356
54441
54667
54743
54903
55275
55308
55574
55868
55885
56144
56243
56256
56759
57390
57468
57913
58197
58350
58569
58602
58706
58987
59649
59769
59957
60238
60279
60456
60641
60852
60893
60997
61067
61543
61569
61925
62866
62985
63492
63561
63871
63880
64345
64448
64462
65395
65423
65655
65690
65826
65861
66203
67168
67283
67496
67586
67667
67745
67943
67973
68066
68342
68405
68586
68797
68829
68935
68950
69031
69075
69081
69283
69308
69725
69945
70415
70489
70827
70853
71355
71778
71818
72472
73141
73197
73260
73281
73293
73365
74270
74384
74580
74646
75389
75469
75871
75959
77114
77149
77293
78326
78356
78700
78738
78872
79534
80838
81333
81347
81588
81611
82518
82525
82923
83220
83454
83704
84068
84199
84243
84605
85621
86623
86726
86892
86963
87117
87438
87596
87625
87716
87843
88225
88989
89218
89374
89413
89500
89546
89598
90117
90183
90664
91020
91518
92204
92383
92533
92975
94050
94170
156878
182129
187423
214893
220141
221740
241728
244776
129
138
690
756
891
1197
1329
1462
1568
1656
1703
2005
2140
2266
2707
3268
3400
3503
3504
3747
3828
3837
3850
3888
3939
4028
4141
4214
4251
4315
4330
4485
4596
4938
4949
4964
5066
5194
5361
5383
5403
5571
5864
5895
6084
6239
6265
6270
6349
6408
6579
6597
6706
6754
6861
6886
6926
7255
7256
7575
7608
7653
7719
7909
7953
7957
8024
8170
8202
8342
8376
8552
8654
8743
8765
8995
9037
9162
9399
9437
9614
9702
9878
9929
10041
10076
10226
10284
10406
10427
10450
10479
10519
10962
11146
11154
11220
11273
11530
11611
11739
11750
11788
11814
11980
12013
12210
12646
12721
12796
12917
13033
13126
13362
13398
13572
14117
14131
14283
14316
14370
14377
14395
14617
14643
14718
14799
14823
14887
15081
15235
15300
15354
15394
15415
15460
15593
15742
15770
15772
15938
15949
15978
16190
16192
16251
16276
16282
16429
16494
16610
16640
16742
16767
16877
16916
16917
16944
16946
16968
16989
17399
17413
17629
17763
17820
17881
17916
17992
18059
18080
18142
18236
18459
18668
18683
18700
18770
18872
18941
19086
19298
19338
19349
19370
19406
19528
19661
19678
19713
19724
19731
19944
20021
20062
20094
20185
20213
20318
20390
20467
20658
20723
20832
20889
20967
21095
21104
21117
21179
21202
21258
21367
21420
21524
21563
21569
21593
21730
21971
22047
22263
22624
22656
22897
22948
23006
23017
23018
23116
23122
23277
23450
23663
23712
23776
23995
24027
24107
24205
24321
24337
24476
24503
24513
24519
24524
24720
24734
24834
24848
24887
24907
25092
25210
25234
25258
25370
25508
25647
25816
25818
25857
25895
25946
26037
26077
26208
26393
26488
26526
26566
26760
26838
27016
27403
27469
27582
27632
27714
27850
27903
27912
27930
27997
28065
28188
28252
28393
28573
28674
28924
28962
28997
29037
29113
29428
29438
29480
29536
29574
29584
29591
29822
29919
30017
30319
30504
30687
30704
30714
30775
30816
30823
30855
31101
31195
31243
31858
31874
31987
32007
32149
32348
32381
32389
32599
32923
32948
32954
33107
33273
33313
33513
33535
33826
33886
33983
34050
34125
34163
34164
34327
34398
34441
34636
34672
34764
34962
35036
35067
35081
35096
35103
35407
35422
35560
35575
35886
36363
36445
36660
36724
36784
36837
37002
37069
37194
37761
37775
37827
38472
38504
38622
38762
38832
39125
39222
39439
39539
39540
39924
40112
40148
40303
40570
40628
40691
40984
41131
41145
41228
41382
41395
41491
41583
41710
41911
41971
43173
43196
43230
43305
43473
43502
43552
43615
43786
44050
44068
44246
44457
44929
45294
45347
45617
45722
46045
46397
46451
46899
47039
47131
47325
47371
47389
47410
47464
47517
47548
47597
47781
47913
48135
48146
48199
48636
48683
48810
48931
49068
49169
49215
49265
49270
49310
49657
49908
50139
50186
50508
50947
51222
51280
51983
52297
52562
52746
53265
53699
53703
54107
54296
54539
54563
54733
54965
55432
55763
55910
56039
56040
56168
56193
56407
56435
56518
56564
57002
57195
57454
57475
57488
57565
57573
57764
58073
58120
58326
58388
58634
58716
58975
59136
59290
59487
59990
60004
60856
60880
60947
61269
61570
61610
61798
61967
64017
64044
64804
64965
65018
65110
65297
65476
65526
65590
65604
65757
65765
66099
66147
66299
66388
66702
66877
67041
67315
67463
67920
68042
68394
68792
69343
69357
69661
69823
69825
69977
70010
70238
70376
70780
70842
70855
71141
71164
71427
71474
72350
72549
72899
73081
73533
73693
73815
74135
74921
75341
76078
76138
76271
76564
77443
77516
77777
77987
78368
78530
78721
78767
78847
78919
79170
79512
79513
79666
79690
80086
80206
80681
81302
81411
82172
82212
82733
82987
83808
84298
84313
84532
85505
86394
86443
86675
87109
87416
87539
87890
87962
88205
88259
88623
89179
89266
89301
89304
89331
89594
89622
89680
89819
90106
90609
90687
91797
92296
92438
92464
93133
93443
93701
94380
94384
94717
94932
95103
95521
160724
169103
196780
199096
202986
222446
236197
245235
246262
145
239
885
966
1081
1645
1731
1746
1886
1895
1980
2137
2226
2249
2722
2834
3123
3142
3292
3316
3321
3390
3528
3785
3788
3865
3869
4266
4267
4296
4426
4571
4720
4789
4951
4967
5109
5214
5289
5370
5416
5456
5489
5508
5750
5838
5980
5988
6102
6145
6209
6364
6377
6459
6648
6790
6912
6987
7032
7236
7309
7409
7430
7509
7580
7708
7723
7779
8122
8185
8352
8381
8490
8527
8770
9059
9254
9505
9508
9512
9648
9658
9857
10022
10027
10047
10107
10130
10218
10355
10380
10506
10515
11025
11114
11290
11356
11397
11480
11590
11604
12070
12145
12173
12354
12370
12373
12418
12540
12733
12883
12994
13037
13168
13177
13219
13271
13286
13307
13408
13437
13492
13652
13677
13699
13837
13935
13945
13981
14114
14148
14190
14191
14428
14447
14449
14457
14526
14562
14601
14646
14736
14778
14886
14912
14975
15022
15077
15321
15335
15542
15583
15629
15690
15792
15883
15929
16030
16171
16199
16213
16300
16421
16883
16910
16986
17015
17023
17085
17140
17168
17303
17379
17628
17724
18177
18205
18262
18461
18540
18606
18664
18804
18857
18975
19033
19107
19115
19163
19220
19248
19538
19584
19823
20018
20028
20054
20319
20344
20351
20379
20404
20420
20570
20585
20662
20724
20808
21013
21078
21214
21246
21353
21356
21391
21556
21616
21743
21895
21902
21978
21985
22000
22154
22278
22326
22578
22800
22801
22806
22931
22998
23090
23251
23252
23263
23400
23405
23464
23598
23666
23688
23799
23891
24227
24343
24505
24587
24813
24818
24930
25062
25115
25224
25558
25712
25858
25899
26050
26055
26148
26155
26249
26282
26294
26300
26313
26349
26464
26495
26551
26558
26565
26585
26656
26790
27171
27212
27215
27379
27487
27526
27580
27699
27751
27925
27971
28072
28079
28098
28105
28201
28238
28300
28327
28404
28538
28585
28648
28784
29013
29182
29204
29370
29470
29649
29723
30035
30091
30146
30320
30425
30662
30725
31011
31022
31074
31118
31132
31321
31354
31541
31640
32076
32290
32324
32658
32692
32900
33155
33165
33182
33204
33270
33471
33528
33807
33822
34045
34080
34143
34172
34318
34608
34680
34927
35041
35308
35335
35406
35495
35633
35697
35792
35836
35849
35970
36025
36026
36367
36370
36381
36965
37072
37085
37092
37132
37288
37691
37996
38157
38210
38351
38403
38491
38539
38813
39037
39082
39094
39369
39380
39422
39543
39868
39922
40034
40066
40304
40323
40451
40522
40581
41147
41443
41489
41559
41836
41997
42128
42272
42529
42859
43016
43032
43253
43467
43480
43503
43511
43724
43782
43837
43873
43908
43924
44048
44102
44396
44398
44526
44555
44706
44732
45042
45085
45441
45462
45625
45908
45998
46032
46041
46127
46433
46734
46797
46800
46976
47093
47202
47228
47553
47692
47807
47812
47843
48230
48231
48382
48421
48608
48782
48938
48993
49006
49496
50247
50292
50460
50472
51412
51493
51514
51601
51623
52003
52015
52211
52225
52487
52572
53237
53322
53440
53531
53532
53634
53642
54360
54966
55223
55239
55773
55879
55913
56343
56802
57004
58023
58432
58560
58759
58966
59143
59539
59644
59686
59760
60012
60301
60427
60623
60990
61302
61520
61584
61744
61841
62413
62532
62829
63032
63228
63421
63653
63687
64069
64595
64642
64679
64706
64838
64914
65011
65088
65159
65593
65596
65968
66249
66447
66532
67301
67322
67334
67607
67729
67971
68096
68099
68194
68297
68395
68585
69056
69109
69184
69274
69329
69332
69400
69525
69716
69843
69898
69923
70081
70097
70137
70499
70594
70620
70869
70964
71050
71062
71183
71193
71296
71309
71805
71905
72065
72276
72726
72916
72921
72971
73117
73391
73535
73658
73858
74092
74188
74197
74945
75177
75261
75605
75626
75815
76012
76706
77064
77560
77620
77761
77884
78487
78951
79025
79139
79789
79873
80019
80277
80525
80837
80993
81054
81123
81354
81645
82092
82322
82458
83287
83320
83812
83845
84108
84165
84606
84881
84921
84932
85057
85503
86037
86133
86272
86622
86731
87361
87567
87751
87774
87834
88257
88579
88631
88832
89255
89974
90087
90276
90500
90618
90781
91004
91182
91240
92048
92201
92679
92775
92824
92844
93184
93204
93571
93655
94104
94558
94616
95276
153217
155042
161622
169361
169553
174347
185953
186721
187525
189856
191205
192063
193312
205097
207461
214080
214981
220961
227343
230638
238692
584
700
970
1028
1570
1624
1688
1884
1894
2105
2146
2274
2416
2527
2701
2863
2935
3056
3076
3386
3490
3554
3844
3853
3890
3985
4074
4196
4432
4782
4850
4897
4913
4971
5007
5180
5257
5381
5446
5451
5660
5826
6009
6017
6032
6185
6193
6216
6223
6324
6329
6422
6979
7028
7132
7242
7316
7325
7522
7764
7830
7930
7963
8031
8159
8246
8312
8350
8464
8541
8622
8713
8719
9183
9195
9214
9318
9390
9466
9525
9686
9785
9790
9828
9829
10354
10435
10468
10477
10488
10552
10574
10588
10714
10733
10866
11014
11062
11152
11243
11544
11545
11675
11697
11744
11783
11810
12232
12235
12386
12421
12544
12561
12665
12675
13052
13157
13278
13375
13463
13584
13601
13620
13717
13723
13734
13862
13920
13926
13936
14007
14024
14029
14039
14050
14060
14141
14214
14231
14246
14345
14539
14553
14682
14773
14849
14857
14907
14995
15028
15038
15042
15278
15404
15405
15489
15510
15561
15675
15702
15743
15960
16028
16033
16042
16108
16141
16175
16186
16208
16305
16439
16496
16567
16570
16608
16654
16751
16766
16829
16846
16915
17111
17126
17278
17474
17756
17921
17943
18234
18291
18362
18375
18398
18486
18563
18695
18966
18970
19043
19106
19216
19222
19355
19433
19504
19565
19610
19746
19795
19863
20066
20549
20769
20770
20784
21018
21088
21189
21256
21280
21354
21378
21397
21402
21793
21924
22167
22312
22318
22456
22487
22532
22585
22591
22668
22700
22836
22926
22939
22975
23034
23079
23258
23345
23364
23470
23544
23760
23764
23944
24189
24250
24260
24295
24461
24468
24545
24599
24606
24738
24778
24791
24973
25153
25273
25333
25389
25432
25518
25714
25840
25844
25865
26030
26049
26063
26280
26353
26356
26644
26690
26908
27044
27050
27138
27499
27560
27576
27681
27700
27795
28159
28255
28299
28391
28434
28461
28475
28495
28512
28519
28528
28556
28561
28778
28825
28861
29197
29380
29474
29502
29527
29804
29853
29900
30231
30367
30389
30467
30470
30547
30678
30938
31117
31162
31213
31264
31349
31351
31395
31659
31661
31695
31714
31802
31870
31884
31945
31950
32127
32228
32310
32337
32344
32445
32496
32591
32691
32781
32880
32925
33130
33237
33387
33423
33576
33609
33724
33861
34109
34124
34376
34600
34663
34825
34827
34839
34906
34969
35072
35276
35404
35481
35602
35622
35643
35732
35762
35806
35847
35882
35894
35921
36091
36110
36246
36372
36414
36418
36487
36513
36552
36556
36892
36985
37125
37173
37182
37353
37413
37431
37454
37476
37536
37547
37592
37880
38233
38247
38331
38354
38587
38724
38808
38891
38894
38905
38975
39025
39224
39693
39761
40275
40335
40346
40583
40793
41327
41345
41380
41451
41473
41648
41776
41987
42023
42295
42341
42398
42873
42899
42914
43345
43522
43526
43971
44145
44283
44314
44402
44548
45210
45310
45429
45472
45610
45632
45777
45839
45899
45900
45945
46185
46258
46283
46307
46388
46499
46692
46870
47148
47285
47580
47773
47800
47973
47988
48407
48424
48526
48762
49046
49126
49153
49157
49320
49334
49485
49527
49769
49950
49953
49999
50143
50300
50309
50433
50944
51083
51103
51113
51273
51406
51433
51587
51922
52054
52123
52180
52364
52496
52560
52696
52823
52856
52858
52969
53092
53166
53470
53509
53619
53736
53749
53852
53992
54032
54367
54419
54447
54458
54520
54559
54592
54633
54805
54929
55342
55503
55804
55814
55834
55864
56388
56438
56723
56764
56774
56900
56959
57210
57394
57539
57717
57735
57789
57956
58140
58317
58460
58542
59036
59048
59215
59228
59469
59671
59844
60151
60710
60737
60770
60840
60939
60968
61010
61223
61758
61964
61995
62047
62116
62162
62329
62525
62586
62837
63125
63192
63276
63366
63373
63495
63554
63713
63770
63802
63878
63927
64183
64273
64663
64684
64746
64772
64835
64958
65077
65257
65275
65313
65363
65511
65552
65972
66216
66313
66756
66855
67093
67211
67507
67671
67923
68085
68445
68701
68742
68754
69239
69351
69407
69464
69606
69805
69989
70011
70139
70172
70244
70574
70807
71448
71548
71555
72459
72464
72613
72677
73118
73294
73455
73469
73501
73551
73598
73623
74224
74361
74457
74609
74933
75048
75224
75505
75530
75914
76248
76286
76818
76827
77036
77397
77404
77625
77664
77810
78444
78583
78601
79143
79182
79375
79665
79739
79757
80287
80390
80696
81137
81211
81222
81340
81401
81845
81985
82237
82428
82433
82485
83082
83386
83398
83499
83655
83974
84273
84386
84529
84548
84640
84644
84796
85062
85871
86074
86135
86348
86870
86897
86934
87245
89160
89534
89630
89909
90166
90562
90881
91007
91155
91225
91236
91438
91476
91503
91938
91940
92137
92496
92524
92615
92942
93006
93252
94330
94781
94783
95153
151396
155157
159402
159509
160174
162855
164329
166511
168975
173245
174219
177632
179320
185671
186307
188180
188351
189625
192097
199823
201080
201159
219418
223219
224398
231513
240990
241066
244288
171
566
603
862
1205
1292
1427
1582
1704
1920
2062
2216
2740
2862
2946
3339
3346
3373
3385
3411
4095
4099
4438
4452
4793
4827
4839
5011
5366
5463
5820
5862
6279
6296
6453
6548
6839
6895
6914
6928
7160
7394
7398
7464
7517
7523
7543
7579
7706
7722
7763
7780
7844
7849
8041
8052
8083
8315
8326
8400
8558
8696
8821
8880
8941
9006
9027
9113
9119
9283
9292
9413
9487
9634
9672
9819
9826
9854
10058
10153
10359
10528
10558
10559
10676
10696
10760
10774
10892
10937
10942
11057
11065
11107
11126
11321
11329
11374
11405
11607
11758
11820
11948
12049
12123
12166
12230
12270
12307
12367
12453
12481
12483
12777
12873
13023
13175
13227
13236
13260
13324
13341
13509
13665
13675
13708
13726
13733
13832
13847
13888
13958
13967
14287
14297
14362
14375
14388
14443
14503
14552
14575
14621
14680
14832
14869
14883
14926
15030
15098
15118
15177
15330
15361
15408
15448
15528
15552
15580
15661
15759
15804
15895
15899
15941
15966
16081
16234
16364
16396
16562
16677
16698
16743
16972
16973
16999
17043
17064
17311
17513
17514
17523
17642
17699
17805
17835
17841
17844
17904
18299
18330
18415
18418
18445
18510
18513
18569
18740
18746
18873
18967
19001
19056
19148
19156
19193
19218
19259
19279
19328
19330
19499
19526
19556
19606
19726
19845
20056
20263
20430
20461
20561
20567
20670
20699
20734
20742
20975
21043
21109
21163
21171
21172
21357
21512
21629
21769
21794
21853
21917
22054
22066
22143
22152
22182
22212
22280
22287
22331
22613
22622
22678
22739
22797
22862
23235
23282
23288
23291
23325
23436
23463
23475
23479
23628
23681
23683
23837
23852
23941
24056
24100
24112
24167
24202
24206
24360
24363
24424
24442
24753
25112
25325
25344
25391
25516
25602
25627
25640
25666
25723
25754
25786
25825
26121
26123
26170
26185
26238
26350
26552
26680
26729
26786
26804
26843
26877
26894
27123
27132
27291
27317
27382
27409
27452
27491
27527
27846
28028
28193
28234
28384
28392
28403
28441
28509
28622
28821
28932
29042
29358
29449
29700
29751
29784
29836
29910
29984
30083
30264
30274
30276
30293
30359
30361
30628
30688
30715
30901
30988
31024
31057
31150
31183
31504
31565
31628
31691
31762
31973
31995
31998
32008
32549
32595
32633
32723
32749
32930
33066
33110
33297
33371
33373
33431
33467
33690
33768
33789
34043
34364
34426
34587
34743
34781
34804
34841
34893
34922
34956
35165
35513
35517
35580
35644
35692
35751
35867
35980
36021
36184
36213
36270
36275
36429
36639
37036
37170
37238
37293
37296
37460
37525
37788
37848
38147
38170
38506
38518
38698
38921
38922
39009
39168
39235
39281
39346
39619
39621
39748
39762
39801
39853
39925
39962
40009
40064
40119
40170
40253
40295
40393
40730
40948
41139
41171
41199
41390
41487
41522
41538
41747
41904
41932
42200
42417
42755
42852
43142
44005
44038
44047
44147
44679
45070
45083
45135
45259
45345
45428
45644
45657
45674
45695
45798
45842
45871
45887
46070
46303
46345
46423
46463
46577
46616
47055
47246
47282
47407
47533
47564
47731
47846
47887
47930
47980
48200
48397
48906
49141
49289
49477
49639
49649
49664
49918
49919
50073
50081
50123
50138
50226
50330
50350
50370
50635
50707
50730
50740
50897
51138
51185
51224
51325
51357
51491
51666
51874
51889
52146
52178
52288
52323
52390
52599
52730
52731
52978
53102
53276
53339
53414
53617
53844
54030
54031
54148
54241
54668
54775
54842
55124
55179
55457
55553
55563
55706
55747
56002
56077
56108
56166
56232
56380
56885
57042
57155
57355
57576
57670
57671
57844
57858
57964
57989
58046
58174
58593
58607
58693
58824
58865
58929
59196
59341
59597
60346
60553
60647
60795
60832
61060
61282
61363
61446
61838
61988
62262
62404
62446
62717
62771
62867
63337
63403
63662
63821
63851
63873
63923
63954
63988
64073
64374
64458
64635
64682
64745
64798
64928
64975
65013
65184
65306
65326
65328
65496
65606
65941
66350
66508
66527
66615
66822
67185
67205
67347
67446
67681
67797
67964
68309
68346
69001
69397
69486
69609
69759
69976
70040
70243
70255
70505
70537
70617
70657
71159
71180
71188
71294
71511
71692
71761
72181
72202
72210
72291
72311
72403
72424
72518
72567
72671
72872
72896
73120
73140
73287
73356
73705
73931
74116
74187
74363
74701
74755
74793
74950
74958
75060
75766
75899
76230
76618
76717
76940
77118
77134
77154
77252
77276
77401
77528
77944
77978
78130
78165
79221
79538
79577
79630
79968
80186
80232
80258
80334
80900
81213
81525
81615
81654
81859
82073
82316
82655
82672
82850
83213
83521
83523
83546
83652
83934
84387
84686
84833
84982
85170
85175
85410
85573
85728
86496
86787
86916
87546
87627
88173
88395
88654
89212
89788
89976
90004
90147
90390
90961
91099
91434
91750
91924
92259
92607
92910
93304
93604
94431
94912
94953
95212
95250
95268
95559
153743
158778
168279
168977
172581
175004
177779
179871
182923
186737
194827
203745
205740
206991
214356
217345
219465
222142
222693
223692
229793
232170
243993
246081
172
1190
1529
1694
1969
2063
2122
2158
2296
2389
2461
2505
2703
2868
2906
3180
3197
3205
3474
3570
3801
3818
3883
4242
4261
4344
4390
4464
4504
4652
4676
4798
5056
5065
5101
5124
5367
5430
5462
5481
5498
5626
5690
5716
5800
5901
6039
6056
6263
6264
6328
6465
6590
6760
6775
6860
6946
7065
7067
7104
7134
7243
7373
7447
7448
7476
7487
7541
7590
7607
7628
7811
7818
8039
8080
8181
8461
8651
8711
8744
8762
8797
8860
8951
9040
9149
9219
9286
9389
9539
9558
9574
9656
9661
9689
9694
9757
9762
9771
9775
10078
10085
10133
10144
10742
10778
10795
10855
10891
10972
11124
11201
11231
11323
11492
11554
11564
11572
11745
11766
11771
11932
12036
12048
12086
12185
12460
12537
12588
12678
12724
12743
12878
13110
13430
13457
13479
13586
13695
13706
13718
13830
13844
13853
13906
14138
14250
14261
14296
14410
14486
14573
14759
14768
14848
14959
15034
15150
15178
15279
15326
15406
15409
15435
15709
15853
16043
16055
16103
16241
16272
16297
16406
16452
16741
16756
16813
17108
17162
17198
17249
17293
17371
17439
17589
17610
17650
17718
17722
17800
17868
17995
18131
18132
18465
18543
18724
18786
18827
18831
18863
18907
18919
18961
18977
19084
19116
19141
19192
19360
19466
19484
19497
19592
19615
19619
19862
19921
20090
20124
20133
20254
20417
20508
20518
20529
20568
20581
20762
20825
20913
21201
21211
21273
21276
21309
21352
21369
21464
21490
21525
21599
21603
21631
21670
21679
21704
21874
21922
21977
22125
22241
22367
22505
22659
22900
23180
23233
23255
23388
23520
23526
23606
23676
23685
23726
23740
23851
23907
23972
24199
24266
24302
24311
24329
24399
24633
24647
24855
24856
24862
25130
25146
25160
25283
25292
25307
25317
25355
25364
25466
25528
25609
25678
25684
25719
25749
25849
25938
26165
26184
26286
26314
26343
26482
26612
26619
26631
26972
27182
27270
27296
27629
28018
28085
28173
28214
28236
28490
28623
28639
28673
28874
28902
28928
28986
29005
29091
29131
29261
29377
29414
29637
29663
29775
29877
29955
29980
30009
30067
30075
30097
30119
30151
30202
30255
30358
30438
30465
30515
30573
30639
30753
30842
30854
30895
30944
30954
31218
31250
31361
31385
31397
31403
31437
31507
31558
31616
31722
31847
32412
32516
32646
32673
32745
32767
32819
32856
32893
32931
32944
32973
32979
32995
33011
33035
33244
33265
33287
33302
33357
33376
33403
33583
33589
33709
33716
33972
33994
34191
34217
34236
34294
34395
34490
34516
34523
34578
34951
34999
35035
35073
35091
35136
35207
35258
35571
35590
35758
35785
35878
36128
36254
36299
36435
36981
36984
37075
37098
37103
37201
37207
37232
37367
37378
37438
37447
37522
37557
37617
37653
37745
37787
37914
37934
38116
38238
38332
38443
38453
38474
38482
38503
38575
38580
38706
38715
38795
38798
38935
38999
39054
39099
39149
39160
39161
39196
39209
39252
39376
39394
39440
39532
39899
39905
39968
40073
40154
40162
40263
40330
40362
40397
40559
40590
40724
40727
41191
41248
41287
41294
41320
41424
41641
41652
41657
41704
41762
41946
42147
42178
42530
42544
42685
42744
42797
42934
43004
43042
43066
43075
43146
43155
43381
43490
43546
43564
43889
44142
44214
44324
44501
44532
44749
44940
45132
45447
45514
45731
45741
45802
45877
45948
46107
46129
46402
46783
46852
46922
46970
47235
47442
47472
47500
47540
47639
47667
47722
47821
47880
48002
48191
48282
48290
48342
48677
48971
49024
49146
49191
49368
49371
49407
49468
49513
49768
49912
50009
50035
50205
50342
50352
50426
50465
50539
50544
50588
50636
50792
50802
50848
50860
50932
50985
51000
51062
51130
51171
51285
51310
51401
51442
51703
51879
51990
52302
52401
52467
52589
52626
52779
52796
52935
52962
53182
53264
53283
53455
53518
53701
53810
53860
53870
54044
54052
54149
54240
54307
54378
54397
54522
54574
54582
54589
54719
54911
55038
55049
55076
55089
55104
55352
55360
55408
55417
55680
55694
55863
55884
56079
56083
56355
56358
56395
56684
57248
57316
57402
57481
57554
57914
57972
58320
58502
58697
58911
59012
59373
59382
59521
59529
59608
59743
60243
60477
60736
60992
61276
61336
61643
61735
61782
62041
62453
62471
62547
63189
63198
63248
63266
63415
63452
63598
63616
63838
63844
63860
63864
63943
63979
64241
64277
64467
64812
64911
64981
64990
65123
65199
65409
65473
65804
65929
65951
66064
66571
66586
66957
67008
67089
67114
67365
68127
68421
68473
68620
68659
68707
69130
69305
69480
69515
69672
70481
71160
71328
71368
71406
71469
72310
72626
72781
72805
73065
73165
73267
73477
73571
73879
73901
74139
74442
74526
74574
74671
74789
75354
75490
75544
75835
75900
76471
76490
77156
77165
77184
77263
77434
77586
77680
78008
78081
78574
78620
78706
78771
78791
79033
79320
79321
79331
79355
79442
79588
79726
79944
80425
80707
81021
81383
81589
81923
81936
81944
82297
82549
82565
82939
83305
83803
83833
83989
84384
84576
84620
85415
85729
85806
85848
86214
86468
86730
86740
87205
87420
87804
87947
88689
89063
89088
89497
89708
89854
90010
90187
90702
90998
91050
91067
91324
91332
91345
91354
91623
91953
92062
92180
92194
92243
92288
92618
92814
92901
93243
94135
94190
94414
94639
94674
94707
94718
94969
95025
95107
95134
95286
95689
148571
148711
149635
149789
150982
152719
159361
159686
159967
163514
170247
170775
171460
172647
172735
175873
176367
178393
182717
186385
187285
187746
189223
189535
191437
198825
202201
203404
203872
209495
212549
215263
217386
225356
229538
239684
677
699
872
1109
1342
1377
1530
1594
1819
1880
2028
2104
2120
2172
2471
2511
2601
2669
2975
3064
3094
3167
3262
3298
3333
3632
3859
4136
4389
4514
4522
4726
4957
5079
5397
5590
6141
6208
6344
6353
6636
6653
6805
6823
6841
6953
6978
7005
7012
7194
7208
7220
7296
7341
7413
7421
7437
7497
7569
7609
7710
7735
7792
7802
8003
8010
8085
8086
8095
8157
8266
8268
8296
8371
8392
8631
8759
8778
8807
8814
8980
8999
9085
9106
9156
9340
9391
9439
9447
9573
9606
9613
9639
9662
9716
9753
9870
9928
10049
10166
10245
10273
10357
10607
10715
10751
10759
10763
10864
10949
11034
11075
11113
11245
11416
11433
11495
11516
11593
11864
11877
11914
11962
12112
12148
12266
12444
12672
12801
12834
12950
13000
13163
13192
13193
13387
13416
13552
13559
13588
13631
13682
13865
13878
13946
14008
14084
14137
14181
14194
14276
14315
14382
14394
14544
14795
14800
14817
14840
14992
15004
15018
15060
15067
15104
15120
15179
15211
15263
15292
15314
15317
15389
15523
15582
15635
15664
15680
15700
15876
15880
15930
15943
15965
15988
16005
16023
16228
16466
16472
16497
16560
16619
16724
16965
17013
17018
17045
17052
17182
17283
17310
17331
17423
17538
17568
17603
17697
17746
17797
17833
17855
17873
18105
18222
18282
18720
18752
18909
19048
19146
19172
19275
19320
19334
19388
19391
19434
19542
19600
19798
19826
19888
20010
20034
20051
20070
20097
20216
20342
20352
20376
20466
20474
20491
20596
20640
20851
20887
21042
21146
21199
21227
21243
21316
21365
21399
21515
21551
21553
21753
21808
21860
21919
21930
22039
22122
22175
22203
22392
22636
22699
22893
22905
22933
23136
23201
23343
23356
23359
23367
23377
23497
23515
23567
23605
23618
23626
23640
23706
23804
23806
24281
24316
24488
24583
24675
24704
24768
24837
24918
25047
25068
25187
25190
25225
25277
25304
25387
25407
25458
25478
25544
25680
25681
25832
25936
25945
26056
26132
26164
26258
26266
26285
26490
26542
26663
26665
26723
26816
26837
26887
26934
26968
27122
27156
27204
27260
27289
27425
27528
27678
27768
27811
27855
27859
27942
27944
27950
28058
28080
28104
28114
28377
28488
28497
28709
28770
28812
28893
28899
29059
29165
29273
29299
29375
29378
29493
29526
29560
29612
29629
29852
29855
30056
30174
30187
30279
30285
30331
30493
30591
30601
30730
30788
30797
30800
30808
30941
31007
31082
31087
31095
31105
31133
31267
31341
31372
31392
31439
31466
31531
31562
31677
31699
31769
31820
31871
31919
31935
32073
32088
32187
32246
32256
32282
32354
32360
32468
32484
32603
32663
32837
32862
32870
32892
32913
32990
33031
33041
33093
33108
33312
33555
33578
33607
33631
33915
34034
34185
34320
34326
34540
34667
34681
34769
34808
34809
35005
35018
35116
35147
35195
35325
35344
35482
35489
35536
35557
35657
35713
35923
35931
35935
36042
36166
36195
36257
36311
36344
36357
36412
36500
36578
36626
36641
36677
36699
36844
36882
36927
37073
37152
37271
37297
37531
37689
37841
37847
37867
38011
38015
38026
38066
38094
38318
38470
38589
38661
38673
38864
38903
39021
39204
39239
39255
39270
39313
39412
39793
40093
40130
40238
40340
40714
40832
40874
40890
40936
40947
41012
41062
41119
41278
41472
41544
41553
41573
41763
41795
41956
41965
42354
42402
42572
42642
42705
42789
42809
42837
42887
42911
42946
42950
43176
43197
43207
43309
43468
43547
43630
43650
43792
43921
44174
44372
44444
44583
44585
44889
44935
45032
45099
45162
45175
45437
45525
45531
45573
45621
45627
45809
45863
45930
46143
46224
46284
46364
46408
46439
46660
46744
46757
47286
47328
47354
47475
47506
47584
47705
47824
47954
47962
47975
48023
48166
48205
48227
48279
48297
48338
48428
48468
48509
48570
48622
48796
48826
48956
48965
49061
49088
49170
49207
49549
49550
49577
49754
49796
50209
50276
50319
50358
50525
50582
50644
50725
50781
50891
50920
50971
51148
51268
51284
51380
51387
51871
51878
51929
52204
52320
52379
52645
52706
52853
52855
53060
53085
53114
53206
53415
53482
53727
53795
54195
54206
54223
54233
54275
54304
54622
54657
54851
54867
54881
54961
55161
55317
55403
55665
55739
55810
55994
56075
56133
56163
56212
56331
56459
56466
56571
56573
56952
57112
57264
57353
57441
57469
57707
57818
57825
58162
58210
58420
58498
58533
58680
58723
58744
58780
58783
58819
58935
58963
58996
59010
59211
59375
59493
59574
59961
60062
60198
60266
60271
60375
60535
60608
60609
61002
61021
61353
61405
61522
61606
61620
61626
61698
61971
62357
62569
62751
62754
62907
63117
63323
63505
63640
63727
63809
63898
64348
64423
64623
64686
64756
64886
64948
65015
65039
65081
65543
65560
65654
65677
65810
65884
65977
66032
66276
66418
66460
66733
67105
67172
67464
67708
67922
68017
68228
68279
68282
68558
68578
68925
69312
69567
69882
69890
70301
70536
70577
70585
70649
70804
71144
71174
71219
71220
71293
71302
71440
71465
71482
71508
71595
71874
71934
71985
72529
72595
72603
72731
73129
73507
73840
73866
73965
73991
74263
74550
74734
74757
75008
75112
75157
75278
75329
75330
75401
75489
75907
75921
76155
76175
76370
76707
77026
77111
77122
77650
77758
78186
78268
78316
78988
78993
79470
79721
79724
79755
80017
80119
80133
80157
80218
80466
80481
80589
80860
81109
81164
81539
81796
82011
82029
82858
83088
83219
83391
83444
83757
83802
84160
84637
84646
84791
85321
85384
85403
85510
85703
86153
86236
86335
86398
86608
87363
87601
87822
87828
87866
88086
88108
88541
88674
89103
89461
89578
89684
89996
90090
90347
90931
90984
90991
91087
91091
91106
91222
91291
91601
91636
91907
91952
92060
92155
92316
92440
92498
92560
92576
92869
92941
92954
93048
93142
93615
93856
94082
94129
94160
94332
94704
94725
94918
95545
95877
159599
162987
164715
172136
174726
179424
185113
186204
194040
194658
197858
201113
201304
201475
211342
214932
216276
218644
221719
223390
224535
226372
232892
232952
233416
238423
238813
240494
243571
244769
170
439
792
1166
1185
1382
2065
2254
2328
2510
2724
2776
2800
2807
2889
3027
3594
3898
4067
4115
4194
4263
4321
4376
4467
4508
4521
4567
4678
4686
4780
4814
4822
4832
4843
5105
5267
5401
5493
5616
5643
5870
5883
5921
6057
6076
6251
6262
6300
6371
6500
6539
6623
6740
7013
7079
7328
7382
7665
7737
7798
7800
7817
7910
7913
8044
8230
8232
8273
8303
8446
8486
8578
8592
8596
8731
8917
9025
9163
9168
9236
9269
9298
9507
9625
9700
9707
9769
9812
9921
10074
10113
10114
10139
10290
10373
10402
10474
10591
10829
10854
10890
11061
11100
11111
11224
11239
11278
11309
11322
11357
11438
11581
11657
11802
11919
11947
11976
12003
12067
12096
12323
12339
12350
12398
12519
12631
12661
12689
12833
12870
12900
12929
13010
13013
13027
13047
13055
13073
13226
13269
13320
13344
13464
13508
13541
13651
13750
13789
13885
13955
14106
14343
14595
14600
14608
14624
14628
14726
14854
14947
15161
15220
15327
15371
15381
15419
15432
15437
15455
15483
15487
15493
15596
15647
15650
15681
15710
15830
15847
15888
15918
16018
16214
16274
16308
16400
16514
16515
16559
16566
16668
16679
16847
16935
17344
17345
17349
17486
17614
17733
17736
17782
17887
17990
18003
18041
18128
18154
18175
18335
18436
18491
18611
18628
18701
18702
18730
18737
18795
18877
18902
18942
19038
19189
19269
19296
19339
19462
19522
19532
19643
19644
19646
19673
19716
19769
19865
19896
19923
19980
20011
20204
20206
20293
20295
20433
20477
20622
20848
20879
20881
20958
21001
21327
21342
21463
21473
21510
21518
21555
21591
21627
21756
21845
21867
21892
22195
22206
22217
22221
22256
22325
22349
22502
22592
22686
22986
23119
23184
23302
23395
23525
23529
23633
23705
23714
23879
23936
23986
24049
24060
24151
24238
24269
24314
24374
24502
24560
24830
24846
24879
24896
25077
25090
25095
25116
25149
25208
25231
25479
25523
25833
26000
26115
26317
26533
26555
26577
26708
26774
26807
26899
27022
27045
27210
27266
27340
27522
27584
27739
27753
27767
27770
27776
27788
27881
27924
28008
28048
28113
28203
28232
28312
28499
28663
28689
28717
28718
28737
28845
28907
28920
28934
28998
29075
29263
29390
29396
29569
29579
29761
29793
29838
29957
30020
30037
30145
30258
30292
30530
30539
30558
30586
30690
30693
30748
30835
30899
30900
30968
30990
31196
31209
31290
31438
31451
31510
31627
31641
31717
31985
32013
32170
32190
32239
32247
32261
32271
32288
32378
32386
32447
32453
32550
32607
32611
32815
32882
32918
32955
33025
33126
33349
33426
33449
33532
33635
33662
33971
34042
34078
34359
34419
34624
34719
34791
34822
34908
34912
34946
34970
35110
35125
35150
35194
35268
35295
35427
35565
35669
35835
35989
36134
36138
36335
36350
36643
36712
36838
36953
37052
37090
37193
37210
37380
37382
37518
37520
37611
37645
37672
37678
37693
37729
37828
37829
37843
37932
37951
38073
38112
38114
38156
38169
38465
38494
38502
38505
38511
38598
38676
38963
39040
39063
39148
39155
39250
39263
39350
39375
39456
39476
39569
39614
39616
39620
39647
39765
39845
39876
39915
39963
40212
40294
40403
40459
40476
40509
40557
40682
40722
40770
40921
40935
40991
41024
41040
41135
41235
41261
41372
41480
41751
41774
41825
41906
42050
42154
42366
42370
42377
42446
42531
42757
42793
43038
43114
43195
43216
43227
43300
43577
43589
43876
43882
43898
44018
44175
44225
44247
44287
44343
44508
44672
44819
45022
45168
45242
45297
45344
45446
45591
45776
45836
46078
46095
46207
46274
46472
46500
46564
46617
46825
46880
47027
47138
47257
47303
47347
47763
47935
47937
48075
48081
48125
48158
48162
48183
48187
48260
48700
48795
48832
48864
49007
49060
49083
49140
49183
49222
49228
49324
49405
49596
49599
49877
50053
50145
50405
50613
50615
50630
50765
50821
50889
51018
51069
51153
51230
51292
51403
51486
51511
51644
51675
51730
51763
51985
52016
52048
52131
52300
52351
52422
52488
52507
52525
52575
52662
52754
52828
52830
52883
52887
53023
53500
53661
53757
53773
54056
54210
54279
54328
54686
54757
55022
55036
55090
55461
55684
55971
56128
56167
56250
56270
56336
56565
56736
56788
56922
56961
57127
57235
57659
57838
57904
58158
58237
58387
58768
58770
59007
59077
59193
59273
59428
59541
59724
59771
60099
60172
60185
60288
60318
60385
60406
60520
60667
60707
60974
61129
61191
61544
61550
61635
61743
61936
62243
62495
62605
62776
62788
62820
62842
63003
63175
63352
63670
63754
63907
63917
63951
64070
64131
64146
64227
64850
64941
65082
65334
65428
65486
65586
65787
65821
65906
65942
65952
65999
66329
66366
66517
66569
66729
67064
67133
67157
67262
67317
67525
67605
67670
67677
67707
67721
67724
68323
68429
68695
68767
69032
69058
69330
69526
69684
70078
70193
70233
70365
70392
70754
70886
70930
70931
71014
71066
71244
71257
71352
71365
71428
71443
71533
71679
71970
72007
72017
72052
72105
72190
72243
72280
72419
72526
72622
72763
73033
73257
73464
73573
73682
73898
74054
74096
74120
74179
74243
74387
74691
74731
74833
74902
74994
75108
75132
75191
75425
75495
75549
75740
75884
75955
76053
76169
76203
76382
76453
76729
76791
76794
77105
77106
77355
77456
77654
78001
78208
78263
78860
78952
79201
79241
80054
80071
80336
80406
80719
80760
80935
80968
81126
81169
81303
81400
81444
81596
81598
81609
82260
82327
82391
82461
82501
82990
83007
83495
83608
83626
83774
84135
84196
84441
84457
84540
84635
84980
84999
85196
85475
85919
86072
86480
86714
86811
86909
86912
87147
87166
87867
87888
87965
88038
88132
88261
88273
88515
88600
88634
88704
88827
89032
89125
89287
89454
89563
89621
89736
89936
90027
90128
90164
90274
90493
90595
90684
90878
91053
91070
91109
91311
91443
91463
91703
92075
92207
92480
92531
93030
93195
93276
93485
93504
93542
93964
94042
94111
94659
94782
94807
95161
95219
95610
95688
149067
149356
150933
152819
155671
156307
157486
159202
161709
162889
164488
171967
172293
174177
176013
176027
178391
178457
179126
179187
179246
181717
184213
187652
190240
193459
195902
198951
200592
201092
201430
203709
205838
206253
207492
211291
211388
218318
218828
230149
233040
233474
234376
240539
243219
245959
166
167
679
844
1099
1111
1125
1338
1480
1952
2023
2030
2079
2240
2385
2412
2547
2667
2679
2750
2875
3007
3115
3164
3247
3329
3363
3396
3479
3569
3603
3782
3791
3803
3896
4057
4294
4372
4461
4527
4580
4585
4628
4681
4875
4974
5278
5322
5344
5551
5563
5603
5796
6067
6170
6213
6360
6407
6415
6443
6471
6475
6477
6610
6773
6875
6985
7007
7010
7036
7231
7326
7369
7576
7781
7823
7874
7904
7923
7999
8034
8079
8109
8118
8161
8319
8345
8432
8459
8522
8564
8599
8616
8643
8879
9015
9049
9148
9460
9467
9552
9554
9576
9615
9621
9683
9773
9862
9911
9965
9967
10060
10094
10208
10234
10302
10369
10565
10635
10703
10725
10731
10752
10808
10820
10907
11016
11023
11027
11076
11156
11168
11380
11645
11727
11894
11915
12015
12026
12028
12060
12078
12175
12302
12493
12496
12525
12546
12557
12620
12660
12704
12837
12846
12885
12922
12928
12976
13121
13167
13202
13208
13274
13293
13425
13436
13531
13562
13569
13683
13742
13768
13818
13896
13934
13943
13971
13991
14027
14077
14128
14189
14291
14374
14434
14462
14497
14502
14576
14594
14659
14663
14672
14877
14916
14917
14936
14981
14999
15039
15107
15370
15388
15414
15428
15454
15469
15486
15560
15646
15722
15735
15946
16027
16089
16220
16231
16310
16402
16415
16524
16568
16613
16634
16684
16753
16760
16807
16834
16862
16980
17034
17035
17080
17145
17169
17266
17325
17394
17401
17721
17726
17794
17913
17959
18005
18013
18048
18066
18308
18378
18390
18532
18564
18586
18594
18599
18608
18651
18693
18839
18871
18963
18974
19011
19206
19312
19363
19417
19508
19577
19686
19720
19754
19760
19777
19797
19877
19883
19911
19951
19973
19977
20038
20098
20116
20198
20238
20251
20270
20341
20358
20366
20427
20458
20496
20531
20557
20580
20657
20714
20743
20797
20849
21144
21162
21165
21228
21269
21302
21394
21437
21449
21459
21472
21530
21677
21680
21728
21806
21903
21921
21926
21928
21947
21958
22096
22101
22113
22322
22345
22415
22476
22572
22619
22621
22661
22748
22835
22895
22929
22952
23110
23346
23362
23368
23455
23664
23704
23751
23816
23834
23880
23919
23961
24026
24082
24154
24177
24213
24222
24236
24243
24262
24328
24341
24364
24440
24516
24531
24794
24797
24850
24866
24893
24917
24939
25000
25103
25174
25200
25265
25411
25486
25504
25577
25587
25651
25700
25746
25823
25869
25912
25926
25971
25990
26196
26206
26232
26425
26501
26701
26728
26738
26806
26882
26926
27001
27111
27374
27395
27433
27485
27634
27772
27812
27852
27967
27981
28055
28090
28095
28103
28164
28206
28293
28297
28359
28416
28526
28650
28680
28828
28855
28913
28918
29100
29177
29178
29209
29256
29269
29286
29410
29442
29475
29607
29666
29678
29681
29689
29720
29732
29941
30182
30204
30219
30260
30290
30383
30427
30432
30463
30524
30545
30561
30778
30782
30803
30883
30918
30919
31061
31226
31273
31286
31288
31649
31718
31823
31846
31861
31965
32152
32217
32226
32254
32325
32331
32490
32596
32610
32625
32684
32715
32785
32830
32834
32891
32916
32989
33027
33091
33418
33421
33436
33444
33451
33452
33459
33479
33565
33750
33836
33913
33969
33984
34022
34150
34260
34274
34358
34413
34674
34682
34703
34706
34771
34802
34817
34905
34925
35016
35055
35094
35117
35183
35282
35287
35354
35474
35475
35550
35649
35767
35995
36053
36099
36111
36222
36266
36450
36589
36609
36705
36715
36726
36933
37024
37027
37028
37049
37060
37084
37198
37240
37270
37310
37352
37370
37398
37443
37679
37738
37785
37809
37906
38010
38050
38113
38126
38168
38295
38490
38512
38577
38638
38641
38712
38767
38778
38848
38895
38908
39084
39085
39128
39157
39271
39275
39318
39367
39416
39429
39460
39516
39649
39665
39701
39736
39953
40019
40065
40087
40173
40179
40183
40290
40436
40569
40638
40787
40799
40827
40849
41010
41155
41208
41221
41304
41355
41409
41554
41624
41660
41849
41890
41963
42112
42149
42492
42597
42932
43020
43070
43169
43220
43245
43279
43509
43559
43635
43670
43681
43897
43944
44028
44077
44089
44173
44424
44462
44614
44662
44796
44859
44896
44958
45012
45256
45262
45264
45288
45289
45454
45482
45604
45629
45648
45664
45918
45935
45938
45942
46016
46177
46210
46389
46419
46473
46485
46559
46652
46723
46832
46840
46890
46946
46954
47261
47279
47296
47419
47426
47440
47485
47631
47808
47822
48361
48394
48408
48438
48580
48704
48887
48926
48997
49038
49445
49572
49681
49715
49748
49776
49858
50020
50084
50098
50100
50113
50245
50345
50610
50812
50873
50993
51088
51127
51154
51344
51404
51535
51698
51755
51840
52152
52242
52304
52305
52517
52579
52745
52801
52843
52916
52929
53090
53221
53236
53367
53475
53739
53836
53851
53915
53933
54009
54094
54226
54243
54246
54281
54315
54321
54369
54430
54444
54474
54536
54562
54677
54821
54844
54885
54953
55120
55226
55314
55315
55370
55528
55557
55581
55604
55658
55721
55798
55802
55832
55855
55876
56129
56183
56265
56279
56478
56484
56542
56579
56690
56819
56821
56948
57020
57130
57314
57448
57811
57814
58128
58191
58293
58308
58470
58532
58544
58646
58729
58797
58814
58828
58874
58875
58924
58993
58998
59160
59229
59233
59571
59606
59703
59802
59852
59870
60102
60183
60494
60618
60682
60785
60862
60865
60919
60953
60956
60982
60984
61109
61240
61406
61409
61444
61448
61450
61644
61646
61764
61769
61770
61785
61877
62005
62011
62065
62138
62475
62539
62546
62667
62673
62686
62759
62793
62845
62900
62942
62969
63213
63256
63350
63477
63609
63658
63788
63806
63974
63983
64047
64412
64425
64441
64491
64498
64634
64742
64753
64893
65027
65058
65209
65367
65418
65426
65506
65627
65663
65736
65862
66000
66265
66345
66376
66605
66657
66931
67024
67046
67050
67138
67152
67263
67291
67455
67476
67528
67578
67802
68007
68035
68044
68267
68410
68532
68534
68572
68600
68656
68661
68752
69017
69111
69129
69137
69367
69401
69408
69557
69574
69583
69627
69687
69715
69784
69916
70214
70290
70371
70433
70549
70558
70564
70672
70697
70702
70703
70757
70775
71196
71274
71577
71633
71842
72048
72277
72399
72431
72492
72746
72954
73094
73104
73299
73498
73584
73642
73784
74050
74201
74385
74404
74441
74460
74504
74536
74581
74697
74794
74830
75129
75182
75203
75300
75390
75519
75536
75583
75604
75652
75711
75832
76104
76168
76225
76491
76492
76836
76989
77182
77218
77265
77292
77299
77317
77348
77370
77474
77913
78115
78134
78219
78303
78397
78400
78421
78556
79091
79105
79378
79460
79503
79566
79602
79610
79624
79933
79957
80091
80126
80999
81001
81066
81305
81394
81982
82015
82035
82168
82222
82382
82567
82819
82864
83026
83230
83371
84109
84338
84393
84658
84670
84724
84736
84851
84891
84947
85319
85539
85643
85690
85850
85965
85983
86095
86196
86258
86343
87157
87656
87744
87871
88015
88036
88212
88418
88551
88566
88629
88766
88805
88858
88957
89013
89130
89278
89316
89328
89410
89623
89808
90146
90242
90357
90501
90682
90715
90748
90790
91581
91971
91992
92011
92055
92140
92680
93141
93251
93375
93486
93500
93587
93616
93704
93764
93874
94084
94255
94662
94695
94726
94901
94933
94965
95113
95532
95641
95673
95716
148275
157216
157972
159103
159275
161361
163719
164964
164985
165357
165523
166140
167864
169629
171299
180697
183947
185586
186946
188471
189439
197015
200189
207634
209105
211354
213640
214494
215495
216059
222108
222379
225857
227015
228744
233694
234149
235595
239381
241936
246781
573
618
1437
1476
1492
1739
1941
2230
2345
2395
2398
2443
2501
2625
2644
2651
2853
2999
3201
3207
3249
3415
3741
4075
4135
4298
4348
4401
4714
4772
4781
4825
4870
5085
5087
5108
5230
5243
5249
5343
5390
5595
5651
5723
5795
5858
5906
5957
6120
6305
6332
6335
6395
6404
6417
6429
6438
6451
6495
6498
6512
6537
6555
6628
6695
6714
6871
6967
7023
7239
7389
7626
7743
7879
7880
7954
8092
8227
8304
8305
8394
8437
8448
8449
8496
8692
8782
8818
8831
9011
9165
9172
9217
9296
9323
9342
9484
9515
9523
9569
9632
9692
9756
9858
9865
9891
9907
10037
10142
10235
10297
10312
10507
10516
10564
10575
10585
10596
10667
10706
10958
10986
11005
11029
11085
11190
11259
11350
11424
11499
11532
11570
11585
11633
11700
11718
11748
11860
11971
11973
12116
12154
12222
12314
12463
12528
12570
12585
12641
12694
12720
12805
12857
12871
12983
13051
13054
13075
13085
13143
13207
13358
13364
13388
13412
13557
13575
13775
13823
13859
13894
13960
13970
13999
14000
14015
14016
14097
14130
14134
14161
14169
14239
14290
14406
14446
14551
14580
14706
14730
14765
14790
14801
14940
15052
15059
15137
15160
15167
15176
15194
15196
15226
15233
15316
15337
15392
15410
15431
15527
15544
15733
15787
15810
15925
15973
16006
16038
16048
16050
16053
16059
16104
16109
16149
16341
16393
16411
16521
16574
16609
16612
16744
16771
16786
16839
16888
16924
16982
17065
17109
17130
17149
17174
17177
17185
17186
17229
17362
17386
17441
17480
17495
17588
17674
17701
17706
17731
17760
17807
17819
17859
17914
17973
18071
18246
18302
18359
18383
18464
18639
18687
18766
18797
18870
19014
19039
19058
19094
19228
19489
19510
19521
19681
19824
19838
19981
19989
20000
20001
20076
20228
20271
20391
20450
20464
20520
20525
20573
20593
20614
20650
20680
20727
20901
20933
21048
21119
21153
21158
21229
21238
21312
21396
21410
21423
21435
21475
21495
21582
21708
21710
21755
21843
21989
21999
22020
22027
22102
22253
22387
22418
22453
22644
22663
22784
22794
22834
22953
23063
23158
23215
23219
23246
23300
23511
23614
23635
23650
23657
23807
23810
23861
23877
23913
24002
24013
24015
24088
24187
24303
24308
24349
24568
24584
24595
24649
24719
24736
24759
24799
24882
24883
24937
24971
24990
25052
25067
25157
25254
25311
25326
25334
25464
25548
25601
25610
25742
25820
26044
26060
26117
26129
26161
26260
26297
26307
26328
26340
26506
26618
26640
26675
26858
26938
26957
26993
27036
27190
27239
27295
27319
27462
27512
27543
27600
27670
27775
27779
27817
27833
27865
27926
28036
28066
28101
28266
28284
28321
28338
28462
28508
28516
28531
28547
28604
28617
28669
28672
28751
28759
28862
28869
28909
28915
28964
29018
29203
29227
29313
29350
29376
29389
29467
29506
29623
29690
29760
29770
29883
29942
30022
30039
30043
30049
30111
30120
30160
30170
30181
30423
30452
30523
30605
30761
30799
30821
30870
30910
30924
30979
31009
31100
31142
31413
31440
31506
31650
31724
31743
31750
31829
31881
31882
31930
31980
31996
32056
32185
32241
32245
32262
32376
32477
32534
32555
32597
32656
32863
32873
32917
32927
32956
32974
32975
33184
33261
33263
33332
33388
33472
33591
33674
33717
33729
33756
33758
33924
34041
34058
34085
34169
34171
34209
34224
34248
34275
34305
34365
34383
34459
34503
34545
34564
34678
34793
34898
34935
34961
35184
35209
35240
35248
35254
35274
35323
35389
35402
35436
35462
35468
35543
35555
35601
35623
35698
35709
35727
35752
35788
35895
35911
35924
35937
35943
35963
35985
36003
36067
36101
36159
36176
36230
36247
36333
36425
36484
36596
36654
36798
36817
36822
36951
36954
36999
37057
37081
37113
37180
37219
37343
37395
37616
37656
37822
37853
38097
38202
38217
38222
38447
38449
38526
38533
38626
38726
38743
38756
38780
38834
38937
38943
39334
39559
39566
39572
39640
39674
39690
39721
39851
39869
40024
40070
40115
40125
40188
40241
40270
40370
40396
40419
40530
40578
40593
40610
40622
40625
40632
40729
40775
40923
40990
40996
41078
41143
41152
41159
41170
41194
41246
41295
41323
41438
41458
41513
41586
41590
41633
41670
41813
41834
41883
41942
42008
42012
42065
42126
42139
42166
42329
42410
42451
42463
42476
42836
42838
42874
42879
42968
42991
43298
43346
43374
43555
43614
43644
43664
43718
43727
43736
43887
43893
43939
44001
44083
44135
44296
44474
44509
44665
44768
44800
44856
44869
44898
44926
45019
45076
45151
45329
45355
45356
45382
45537
45643
45708
45829
45927
45969
45971
46117
46306
46431
46453
46508
46649
46701
46743
46748
46780
46790
46799
46845
46847
46956
46974
46986
46997
47003
47048
47226
47241
47421
47573
47632
47654
47661
47746
47832
47861
47957
47984
48005
48215
48286
48318
48413
48483
48518
48523
48553
48579
48671
48733
48739
48749
48759
48979
49143
49152
49243
49251
49313
49418
49579
49682
49810
49850
49887
50355
50382
50427
50469
50477
50548
50616
50692
50770
50782
50853
50861
50907
51033
51057
51077
51087
51091
51167
51256
51342
51397
51411
51427
51476
51533
51674
51948
51966
52001
52005
52105
52124
52215
52455
52474
52516
52615
52685
52689
52835
53073
53109
53125
53261
53392
53453
53549
53601
53630
53708
53818
53829
53899
53985
54067
54115
54138
54181
54236
54237
54455
54533
54638
54697
54708
54789
54870
54925
54946
55189
55259
55339
55399
55441
55473
55560
55569
55659
55712
55718
55730
55736
55790
55823
55851
55870
55979
56066
56068
56086
56103
56111
56140
56268
56307
56364
56445
56572
56575
56692
56727
56768
56771
56822
56911
57173
57250
57387
57435
57471
57684
57829
57870
58051
58214
58253
58340
58354
58383
58479
58499
58581
58591
58645
58742
58762
58782
58927
58941
59018
59110
59284
59294
59307
59310
59326
59340
59464
59509
59542
59565
59700
59882
59985
60107
60197
60327
60408
60418
60453
60612
60631
61112
61125
61135
61153
61154
61243
61245
61253
61265
61307
61312
61383
61401
61670
61696
61762
61767
61835
62024
62174
62183
62261
62264
62597
62688
62710
62791
62869
62881
62912
63056
63157
63251
63310
63359
63379
63568
63636
63667
63682
63736
63793
64048
64061
64076
64173
64219
64282
64308
64403
64452
64572
64589
64622
64666
64708
64781
64811
64867
65057
65070
65219
65397
65403
65547
65571
65614
65721
65762
65809
65812
66029
66062
66228
66322
66341
66359
66514
66583
66618
66667
66788
66935
67004
67104
67124
67190
67194
67281
67284
67371
67443
67459
67504
67663
67725
67845
67857
68064
68253
68426
68502
68623
68632
68652
68670
68683
68703
68786
68822
68883
68920
68978
69016
69039
69124
69449
69652
69768
69937
69938
70027
70197
70391
70472
70503
70527
70665
70692
70812
70938
71003
71128
71142
71217
71243
71283
71433
71525
71651
71815
71946
71981
72220
72244
72245
72322
72360
72361
72402
72474
72509
72553
72573
72619
72699
72709
72755
72909
72919
72996
73051
73150
73328
73409
73566
73596
73770
73883
73941
74047
74090
74094
74117
74554
74562
74569
74614
74710
74784
75068
75226
75462
75503
75509
75638
75663
75707
75809
76002
76037
76074
76260
76322
76360
76410
76420
76527
76533
76577
76711
77107
77110
77245
77249
77250
77281
77382
77447
77544
77661
77717
77725
77790
77879
77941
78042
78054
78143
78245
78289
78297
78437
78478
78532
78542
78603
78667
79052
79114
79118
79133
79232
79242
79327
79358
79381
79531
79633
79661
79870
80205
80278
80440
80619
80747
80823
81027
81087
81142
81459
81477
81481
81528
81567
81625
81886
82189
82563
82699
82810
82955
82985
83083
83306
83606
83781
83908
84008
84012
84029
84050
84239
84357
84578
84582
84681
84720
84817
85144
85252
85280
85289
85377
85406
85407
85514
85517
85571
85614
85656
85750
85861
86047
86124
86210
86245
86261
86380
86433
86827
86933
87267
87284
87338
87447
87672
87922
88081
88090
88091
88144
88172
88193
88268
88502
88504
88571
88617
88651
88806
88960
88970
89399
89420
89434
89649
89780
89791
89836
90003
90031
90033
90064
90100
90149
90278
90410
90512
90753
91035
91059
91125
91173
91189
91279
91318
91395
91469
91834
91838
91888
91925
91965
91968
92381
92669
92890
93286
93495
93640
93707
93852
94106
94239
94333
94580
94710
94834
94838
95056
95227
95296
95332
95387
95414
95478
95503
95514
95619
95659
97952
107671
150346
150572
150675
152166
152290
153249
154029
159247
159756
160775
163864
165093
169245
169722
170662
170819
171181
172355
173152
174548
174862
175523
178879
179066
181666
183700
183724
188475
188874
189291
189386
189816
189895
191685
191911
192254
193347
202483
206617
208336
208649
210811
211174
211334
211986
218515
219248
222465
222794
222939
223814
225287
225320
228207
229831
234065
240806
243166
244845
245982
246389
140
555
619
876
933
1023
1115
1191
1207
1270
1312
1466
1585
1868
1869
2154
2207
2221
2314
2384
2411
2498
2555
2591
2664
2796
2841
2930
3046
3178
3410
3485
3612
3810
3881
3980
4032
4163
4352
4400
4446
4488
4634
4654
4706
4735
4849
4912
5033
5083
5094
5232
5388
5420
5439
5442
5518
5680
5701
5754
5905
5931
5940
5974
6041
6089
6117
6118
6352
6399
6664
6693
6757
6796
6806
6868
7119
7165
7229
7312
7337
7395
7411
7473
7546
7690
7717
7759
7760
7852
7856
8056
8067
8149
8194
8223
8233
8277
8309
8332
8367
8513
8587
8886
8961
8968
8970
9124
9250
9268
9344
9438
9454
9480
9730
9732
9739
9824
9861
9863
9892
10138
10141
10167
10179
10194
10368
10469
10471
10493
10543
10608
10697
10873
10893
10959
11101
11161
11305
11312
11333
11415
11419
11426
11441
11443
11689
11699
11726
11740
11896
12009
12176
12194
12255
12297
12335
12347
12412
12449
12486
12515
12587
12691
12765
12845
12909
13215
13285
13376
13488
13582
13607
13635
13827
13839
13882
13904
13964
13990
14021
14065
14072
14073
14154
14177
14251
14288
14400
14454
14473
14531
14577
14583
14689
14720
14808
14867
14938
14974
15044
15083
15089
15147
15185
15208
15274
15319
15362
15462
15482
15504
15577
15638
15655
15950
15980
16017
16088
16119
16132
16158
16277
16288
16403
16431
16463
16528
16585
16592
16739
16817
16840
16863
16951
16981
17005
17097
17189
17233
17251
17252
17304
17314
17347
17392
17422
17478
17501
17539
17565
17571
17586
17664
17690
17711
17843
17845
17919
18016
18028
18051
18239
18267
18271
18283
18287
18296
18319
18345
18370
18434
18473
18505
18524
18547
18614
18643
18714
18719
18796
19109
19144
19310
19317
19336
19609
19629
19671
19703
19743
19757
19778
19781
19788
19832
19867
19910
19961
20022
20130
20194
20219
20375
20381
20400
20468
20523
20720
20721
20812
20856
20905
20906
20952
20956
20959
21085
21091
21092
21161
21242
21483
21507
21513
21609
21822
21873
21936
22044
22057
22103
22211
22251
22259
22273
22480
22518
22544
22553
22649
22677
22705
22708
22852
22891
22916
22957
23010
23012
23101
23146
23152
23200
23290
23318
23398
23403
23411
23419
23625
23644
23645
23718
23734
23743
23823
23921
23927
23962
23982
23983
24235
24408
24544
24666
24670
24854
24858
24881
24967
24991
25007
25104
25229
25241
25301
25394
25420
25492
25562
25597
25598
25613
25665
25706
25731
25766
25924
25986
26093
26150
26172
26228
26233
26311
26366
26368
26373
26599
26742
26749
26753
26951
26960
27024
27089
27142
27146
27158
27169
27273
27358
27391
27408
27420
27432
27465
27517
27535
27537
27565
27577
27608
27647
27679
27831
27877
27927
27963
28128
28247
28279
28298
28358
28405
28681
28682
28700
28715
28732
28740
28817
28883
28906
29272
29285
29301
29332
29423
29549
29581
29630
29748
29781
29801
29854
29934
30054
30078
30122
30150
30243
30246
30271
30323
30364
30417
30472
30564
30567
30593
30596
30660
30675
30837
30904
30928
31010
31053
31104
31124
31169
31228
31375
31391
31430
31461
31550
31559
31591
31596
31660
31672
31705
31734
31800
31815
31926
31988
32001
32012
32022
32095
32116
32240
32275
32304
32455
32472
32491
32566
32850
32969
33112
33277
33301
33320
33336
33430
33435
33516
33517
33525
33587
33648
33664
33672
33692
33712
33859
33894
33904
34033
34048
34059
34070
34088
34227
34231
34249
34254
34287
34295
34385
34392
34429
34521
34654
34744
34811
34821
34865
34987
35019
35043
35084
35095
35102
35120
35131
35146
35156
35160
35201
35234
35272
35324
35339
35355
35361
35386
35421
35504
35516
35537
35559
35588
35702
35782
35822
35859
35936
36028
36048
36090
36132
36156
36165
36221
36303
36329
36557
36583
36618
36735
36736
36763
36941
36967
37001
37048
37102
37108
37183
37277
37356
37482
37554
37655
37671
37702
37726
37748
37793
37800
37877
37887
37889
37890
37911
37925
38060
38090
38117
38225
38343
38347
38397
38484
38543
38566
38581
38657
38797
38841
38847
38889
38947
38976
38982
39007
39012
39038
39042
39324
39326
39341
39421
39524
39565
39597
39694
39776
40028
40040
40092
40174
40207
40489
40506
40629
40687
40764
40792
40818
40851
40884
40891
40893
40924
40978
41009
41092
41151
41243
41289
41384
41434
41435
41515
41548
41576
41619
41662
41663
41681
41799
41964
41994
42069
42088
42105
42123
42136
42333
42365
42380
42467
42490
42495
42673
42695
42786
42820
42829
42926
42993
42994
43001
43061
43091
43092
43130
43179
43187
43193
43199
43204
43224
43242
43274
43328
43387
43449
43618
43850
43909
44012
44062
44096
44098
44155
44253
44338
44345
44405
44406
44600
44695
44712
44754
44773
44781
44782
44787
44817
44844
44885
44978
45054
45157
45276
45342
45500
45562
45598
45783
45826
45838
45876
45903
45911
45919
45941
45974
46008
46121
46194
46404
46405
46429
46446
46468
46491
46526
46539
46549
46568
46590
46768
46829
46839
46842
46902
47005
47033
47291
47355
47391
47397
47409
47492
47655
47699
47703
47717
47785
47892
48000
48026
48037
48129
48167
48218
48300
48311
48314
48588
48591
48611
48641
48698
48820
48851
48911
48921
48988
49019
49098
49177
49223
49296
49331
49451
49517
49575
49671
49705
49708
49897
49898
50049
50057
50066
50103
50125
50172
50263
50278
50285
50323
50566
50838
50900
50966
50986
50991
51005
51042
51067
51160
51200
51204
51315
51321
51333
51381
51425
51468
51572
51645
51774
51944
51952
51978
52004
52010
52066
52067
52130
52232
52357
52392
52410
52465
52475
52538
52622
52789
52791
52794
52994
53017
53047
53049
53141
53188
53297
53397
53486
53523
53526
53535
53654
53720
53826
53893
53901
53916
54033
54061
54097
54131
54173
54200
54247
54306
54431
54437
54453
54628
54768
54833
54986
55000
55018
55073
55160
55165
55167
55175
55240
55251
55305
55343
55395
55468
55623
55677
55786
55889
56009
56095
56122
56291
56360
56392
56467
56627
56779
56805
56903
56920
56926
56972
57028
57037
57084
57200
57247
57258
57389
57455
57460
57597
57608
57646
57753
57799
57872
58028
58039
58077
58095
58130
58300
58371
58384
58423
58444
58658
58689
58930
59030
59067
59161
59208
59327
59365
59399
59443
59476
59515
59524
59578
59585
59599
59668
59717
59865
59876
59946
60030
60143
60162
60217
60239
60329
60416
60681
60683
60698
60738
60756
60894
60988
61416
61499
61526
61551
61562
61568
61818
61865
62007
62067
62319
62361
62369
62371
62451
62533
62544
62558
62680
62701
62711
62739
62794
62836
62863
62982
63098
63104
63115
63259
63343
63356
63537
63548
63569
63603
63745
63757
63819
63885
63930
64108
64203
64249
64335
64338
64419
64447
64510
64662
64773
64778
64872
65032
65092
65100
65119
65122
65125
65234
65254
65342
65388
65425
65433
65584
65625
65641
65649
65786
65863
65890
65892
65982
66028
66194
66250
66328
66355
66369
66443
66515
66692
66723
66990
67209
67267
67307
67406
67484
67521
67547
67879
67883
68069
68168
68203
68259
68364
68485
68589
68642
68657
68737
68803
68890
69139
69160
69369
69569
69660
69692
69743
69869
69983
70042
70103
70271
70414
70621
70860
70898
70921
70961
70988
71065
71336
71518
71674
71789
72009
72026
72045
72125
72185
72527
72636
72667
72691
72786
72986
73017
73092
73095
73152
73209
73312
73332
73397
73406
73414
73493
73707
73754
73832
74053
74071
74163
74181
74314
74595
74641
74738
74756
74768
74802
74886
75190
75210
75237
75322
75499
75655
75688
75817
75930
76035
76079
76358
76391
76404
76487
76535
76560
76674
76675
76736
76760
76856
76927
76963
76991
77056
77082
77195
77279
77353
77389
77485
77808
77819
77839
77972
78152
78315
78547
78595
78660
78713
78825
78845
78852
78853
78911
79277
79301
79325
79350
79394
79483
79710
79783
79972
80239
80291
80591
80657
80800
81120
81122
81259
81294
81424
81479
81491
81544
81680
81811
81930
82049
82052
82054
82071
82089
82337
82385
82480
82488
82496
82673
82959
82972
82975
83073
83123
83201
83405
83421
83422
83509
83531
83562
83664
83804
83859
83906
83991
84152
84207
84225
84501
84571
84609
84634
84642
84655
84678
84745
84822
84827
84832
85040
85300
85305
85380
85392
85501
85529
85994
86170
86264
86504
86602
86681
86779
87001
87119
87138
87195
87223
87241
87247
87374
87412
87465
87495
87529
87600
87781
87797
87887
88010
88094
88098
88216
88301
88420
88429
88439
88614
88637
88975
89187
89246
89365
89382
89493
89541
89603
89663
89683
89768
89801
89899
89917
89927
90118
90258
90273
90293
90399
90445
90614
90692
91360
91373
91416
91429
91430
91505
91508
91673
91960
92065
92428
92500
92506
92591
92640
92732
92895
93002
93021
93092
93134
93321
93325
93641
93777
93884
93969
93996
94019
94029
94093
94175
94205
94271
94345
94399
94510
94582
94757
94827
94866
94967
95013
95059
95150
95177
95205
95244
95396
95554
95721
150178
150432
153089
153204
154667
156327
157034
158425
162085
162878
163380
165273
166213
169006
171329
175762
175893
176387
176460
180202
181067
181376
183641
185058
185771
188118
189541
189766
191865
194452
196260
196872
200637
201364
201386
201400
204473
205315
208707
211952
214103
216892
217271
219625
220186
223006
235671
238469
240107
241423
241473
243366
165
775
983
1036
1051
1309
1384
1772
1775
1861
1963
1978
2130
2169
2285
2335
2457
2494
2553
2811
2947
3003
3128
3450
3469
3560
3694
3762
3763
3779
3781
3852
4015
4157
4208
4279
4318
4340
4385
4675
4712
4721
4934
5047
5068
5172
5209
5358
5554
5648
5652
5714
5768
5769
5810
5907
5942
5958
5994
6070
6124
6133
6153
6188
6191
6231
6317
6351
6384
6510
6595
6613
6615
6659
6661
6703
6723
6748
6783
6870
6876
6927
6959
7045
7173
7361
7446
7483
7510
7529
7564
7597
7654
7712
7747
7797
7895
7915
8117
8178
8229
8377
8396
8438
8440
8475
8548
8605
8619
8697
8777
8800
8963
9081
9139
9188
9278
9349
9368
9373
9426
9503
9545
9555
9593
9651
9674
9927
10001
10013
10031
10071
10087
10088
10105
10180
10316
10338
10360
10376
10393
10446
10447
10501
10508
10511
10532
10589
10611
10828
10868
10876
10894
10920
10935
10981
11026
11099
11110
11144
11209
11214
11267
11274
11296
11310
11393
11453
11473
11642
11651
11841
11958
12042
12129
12218
12267
12310
12352
12356
12385
12396
12422
12489
12530
12628
12693
12800
12946
13043
13063
13114
13125
13212
13221
13233
13297
13305
13316
13521
13602
13727
13760
13778
13810
13939
13961
13972
14056
14153
14180
14182
14224
14257
14262
14376
14402
14448
14476
14602
14620
14647
14660
14681
14725
14775
15020
15023
15045
15219
15228
15293
15390
15407
15568
15575
15677
15684
15776
15885
16008
16093
16111
16112
16196
16205
16239
16279
16290
16317
16331
16359
16394
16422
16457
16500
16523
16543
16577
16586
16618
16646
16686
16688
16712
16898
16937
17009
17144
17147
17273
17279
17308
17374
17406
17435
17537
17564
17632
17634
17651
17688
17775
17901
17907
17972
18075
18090
18108
18272
18305
18350
18392
18499
18523
18557
18565
18631
18666
18679
18748
18761
18807
18899
18936
18988
19061
19076
19083
19241
19305
19311
19392
19401
19407
19425
19529
19611
19689
19711
19772
19805
19806
19841
19848
19892
19922
19953
20088
20095
20131
20178
20192
20224
20246
20253
20280
20310
20415
20453
20470
20479
20487
20490
20499
20559
20609
20634
20644
20673
20719
20722
20748
20761
20772
20799
20869
20890
20920
21006
21016
21033
21034
21049
21065
21101
21174
21204
21207
21213
21224
21328
21332
21345
21351
21406
21493
21504
21547
21560
21566
21598
21663
21691
21711
21722
21732
21826
21859
21861
21883
21906
21957
22006
22041
22106
22158
22176
22200
22209
22225
22232
22257
22302
22307
22448
22471
22536
22541
22560
22617
22631
22770
22791
22849
22872
22950
23008
23085
23103
23231
23271
23274
23284
23294
23366
23459
23506
23563
23582
23590
23642
23673
23708
23769
23783
23868
23886
24095
24190
24373
24383
24407
24427
24447
24448
24484
24533
24578
24622
24637
24667
24674
24726
24731
24798
24810
24914
24946
24999
25074
25188
25206
25253
25346
25349
25359
25574
25581
25630
25645
25659
25715
25824
25875
25889
25896
25952
26107
26178
26179
26218
26247
26270
26275
26306
26316
26338
26360
26381
26392
26521
26549
26610
26617
26658
26677
26684
26691
26734
26743
26748
26832
26876
27007
27170
27206
27346
27366
27398
27450
27558
27597
27610
27615
27656
27674
27710
27786
27845
27964
27999
28010
28063
28097
28127
28168
28170
28191
28217
28227
28366
28445
28494
28510
28540
28596
28610
28625
28635
28636
28657
28677
28699
28739
28803
28838
28843
28851
28881
28939
28970
28988
29003
29071
29080
29127
29149
29193
29260
29318
29362
29439
29471
29545
29550
29563
29592
29654
29688
29691
29722
29743
29776
29833
29835
29863
29988
29991
30084
30164
30261
30262
30272
30297
30387
30479
30510
30578
30615
30621
30634
30674
30757
30787
30872
30896
30903
30974
31005
31020
31072
31109
31120
31151
31234
31384
31409
31464
31502
31524
31555
31598
31819
31821
31855
31910
31931
32006
32015
32058
32086
32177
32235
32236
32269
32292
32301
32327
32419
32421
32460
32589
32616
32659
32682
32713
32717
32753
32758
33010
33179
33230
33231
33251
33264
33269
33305
33325
33337
33340
33380
33381
33453
33514
33524
33557
33604
33658
33659
33685
33814
34020
34100
34108
34136
34157
34290
34367
34375
34409
34410
34492
34515
34542
34585
34603
34607
34643
34652
34653
34656
34660
34665
34722
34731
34763
34794
34826
34930
34988
34991
35174
35247
35269
35273
35302
35319
35409
35438
35456
35569
35583
35589
35652
35809
35843
35844
35848
35857
35862
35887
35908
35910
35962
35986
36000
36100
36106
36119
36162
36175
36191
36225
36265
36285
36286
36295
36309
36314
36320
36346
36356
36398
36428
36475
36631
36651
36652
36706
36723
36825
36833
36867
36875
36877
36885
36975
36996
37003
37139
37140
37155
37157
37327
37331
37339
37350
37436
37544
37613
37686
37725
37753
37799
37807
37831
38049
38194
38214
38270
38285
38414
38492
38551
38556
38564
38603
38613
38632
38652
38695
38760
38764
38807
38843
38856
38860
38879
38911
39076
39110
39150
39213
39254
39257
39267
39295
39297
39304
39343
39352
39360
39365
39391
39492
39512
39576
39578
39702
39760
39770
39792
39826
39867
39872
39923
39960
40055
40061
40068
40103
40189
40229
40252
40264
40271
40301
40316
40329
40334
40372
40398
40423
40441
40444
40468
40512
40514
40519
40535
40577
40633
40671
40686
40795
40852
41102
41104
41286
41307
41310
41317
41413
41419
41420
41439
41578
41603
41647
41661
41722
41796
41871
41955
42045
42090
42133
42160
42238
42270
42275
42391
42400
42436
42524
42564
42585
42601
42651
42737
42750
42780
42843
42939
43022
43030
43047
43071
43128
43182
43189
43296
43348
43486
43568
43684
43685
43732
43754
43759
43830
43891
43920
43936
43959
44042
44043
44074
44106
44117
44133
44157
44216
44243
44361
44378
44429
44477
44481
44485
44505
44546
44623
44625
44641
44959
45035
45066
45071
45121
45174
45196
45260
45351
45404
45483
45603
45642
45665
45670
45707
45730
45766
45828
45830
45849
45893
45925
45961
45967
46000
46015
46019
46052
46083
46093
46155
46247
46264
46277
46324
46333
46384
46395
46399
46458
46574
46738
46762
46794
46841
46914
46951
47082
47110
47143
47154
47186
47277
47332
47396
47441
47448
47555
47601
47628
47651
47760
47799
47834
47878
47895
47949
47955
47974
48010
48018
48024
48047
48074
48110
48119
48140
48159
48173
48180
48312
48496
48497
48522
48872
48904
48919
48987
49035
49039
49162
49164
49279
49291
49299
49340
49353
49473
49539
49543
49547
49632
49647
49677
49725
49727
49738
49756
49764
49886
49889
49913
49942
49961
50006
50114
50221
50246
50329
50396
50436
50490
50642
50667
50679
50703
50719
50813
50878
50902
51112
51241
51366
51368
51496
51742
51762
51794
51814
51953
52013
52070
52207
52317
52336
52339
52370
52415
52447
52576
52633
52679
52722
52925
52965
52971
52993
53064
53115
53184
53196
53327
53333
53354
53359
53580
53583
53596
53740
53778
53797
53804
53830
53872
53877
53879
53925
54157
54192
54218
54284
54313
54442
54465
54528
54546
54554
54608
54635
54713
54731
54852
54861
54931
54993
55059
55111
55116
55135
55156
55163
55273
55320
55334
55387
55402
55450
55471
55707
55818
55917
55959
55992
55993
56034
56044
56262
56316
56428
56441
56561
56626
56639
56728
56818
56826
56856
56858
56871
56881
56899
56928
56953
57055
57064
57088
57139
57146
57150
57152
57178
57246
57308
57328
57334
57338
57530
57596
57609
57716
57755
57806
57821
57976
58068
58071
58142
58152
58188
58234
58247
58411
58467
58571
58651
58676
58694
58764
58767
58818
58885
58918
59017
59152
59199
59225
59349
59489
59641
59673
59690
59841
59853
59915
59922
59964
60040
60059
60176
60259
60283
60352
60370
60384
60476
60564
60619
60628
60759
60814
60825
60883
60934
60959
61055
61081
61261
61337
61389
61478
61495
61576
61608
61660
61682
61709
61760
61795
61802
61934
61944
62029
62225
62244
62291
62321
62335
62596
62618
62683
62871
62906
62966
63015
63034
63106
63170
63196
63262
63301
63308
63344
63378
63520
63521
63559
63577
63594
63630
63681
63725
63731
63751
63791
63893
63932
63935
64009
64034
64037
64043
64057
64062
64071
64128
64145
64174
64337
64446
64485
64550
64579
64596
64597
64608
64633
64674
64809
64931
64933
65042
65087
65141
65289
65358
65396
65435
65444
65464
65529
65530
65639
65646
65838
65854
66087
66121
66166
66171
66251
66298
66348
66364
66394
66592
66641
66749
66971
67097
67126
67174
67208
67273
67275
67373
67445
67524
67531
67562
67597
67754
67916
68005
68202
68300
68312
68318
68430
68531
68556
68612
68641
68648
68680
68826
68835
68954
68988
69088
69358
69406
69443
69462
69541
69547
69558
69592
69612
69810
69815
69835
70004
70091
70159
70206
70212
70222
70291
70312
70473
70551
70624
70627
70764
70794
70799
70911
70978
71022
71118
71126
71133
71150
71163
71170
71182
71198
71201
71297
71387
71449
71460
71464
71660
71685
71689
71736
71857
71866
71974
72005
72036
72130
72216
72292
72437
72751
72773
72837
72838
72888
72895
73058
73161
73220
73249
73252
73255
73269
73285
73307
73335
73548
73663
73666
73732
73737
73752
73765
73833
73846
73972
74075
74082
74137
74189
74370
74413
74505
74533
74598
74916
74942
75072
75109
75122
75258
75332
75451
75580
75613
75706
75732
75971
76001
76006
76095
76129
76189
76235
76319
76365
76541
76668
76669
76876
76894
76914
76951
76954
77150
77224
77269
77294
77309
77333
77405
77420
77463
77506
77517
77575
77623
77727
77737
77801
77846
77860
77937
77971
77985
78032
78039
78077
78151
78322
78413
78448
78533
78638
78653
78673
78727
78750
78937
79042
79372
79401
79496
79524
79731
79885
80107
80163
80403
80419
80427
80456
80524
80553
80566
80579
80784
80807
80842
80958
81016
81079
81116
81193
81316
81446
81480
81522
81616
81648
81731
81765
81827
81837
81866
81879
81973
82038
82094
82166
82228
82444
82459
82613
82698
82782
82868
82899
83106
83297
83392
83889
83918
84086
84186
84189
84323
84410
84419
84448
84470
84660
84810
84917
84948
85075
85232
85314
85538
85598
85736
85819
85821
85881
85898
85910
85912
85945
85957
85993
86100
86117
86130
86219
86312
86514
86521
86550
86640
86752
86806
86903
86946
87011
87054
87064
87129
87259
87548
87740
87759
87810
87825
87838
88005
88017
88146
88156
88157
88207
88299
88345
88384
88410
88466
88609
88656
88717
88722
88771
88814
88872
89004
89015
89178
89219
89337
89368
89370
89481
89531
89545
89617
89769
89809
89901
89922
89923
89997
90713
90735
90758
91015
91102
91216
91235
91314
91459
91509
91528
91672
91722
91746
91816
91821
91823
91897
91903
92126
92414
92448
92660
92818
92854
92855
92893
93052
93128
93342
93687
93693
93803
93842
93854
93975
94112
94197
94308
94329
94359
94391
94453
94565
94575
94681
94699
94750
94809
94896
94973
95017
95114
95116
95215
95308
95362
95449
95496
95507
95605
95613
95639
95666
96246
96981
97846
99363
149129
149135
153078
153485
155095
155180
155937
156174
158586
158871
159208
159271
159326
159534
159951
160913
161069
163580
166965
168982
169111
170034
170832
170896
171195
171253
171277
172159
172496
172552
173565
174742
174944
175571
175842
176020
176689
177722
177940
178357
179263
179567
180388
184621
185664
186032
186127
186139
186173
187353
188047
188469
188848
188955
189280
190012
192206
192319
193145
193291
193553
193749
195191
196129
198883
200377
201698
206882
211035
212753
213889
214557
214769
215919
216583
217915
219373
221040
222390
222436
223672
223731
224007
225368
226669
227156
227611
229070
229225
231323
232897
240311
240313
241521
241730
241766
244946
245207
175
963
1011
1161
1263
1348
1706
1789
1922
1930
1983
2051
2541
2550
2606
2655
2735
3227
3306
3413
3550
3650
3731
3877
3901
3948
4023
4027
4102
4323
4445
4459
4491
4533
4555
4622
4626
4636
4797
4877
4893
4908
5006
5088
5217
5301
5309
5485
5496
5520
5644
5700
5710
5801
5918
5919
5922
6094
6106
6138
6350
6427
6437
6478
6559
6571
6680
6887
6986
7043
7115
7209
7299
7323
7441
7468
7519
7553
7639
7668
7746
7851
7870
7894
7962
7986
8049
8069
8141
8142
8164
8192
8204
8224
8231
8258
8308
8330
8382
8547
8555
8601
8653
8703
8898
8967
9029
9055
9107
9232
9361
9401
9442
9465
9513
9594
9636
9670
9698
9804
9864
9875
9968
10035
10044
10045
10048
10054
10057
10073
10084
10282
10285
10349
10417
10443
10664
10707
10717
10765
10967
10976
11047
11049
11071
11102
11104
11129
11153
11191
11234
11295
11301
11409
11505
11584
11617
11679
11686
11753
11770
11818
11834
11944
12022
12024
12033
12072
12156
12172
12178
12202
12287
12301
12357
12468
12491
12523
12629
12670
12714
12766
12823
12853
12893
12923
12960
12967
13036
13097
13146
13170
13214
13250
13335
13367
13370
13386
13438
13445
13498
13623
13636
13658
13771
13807
13814
13831
13843
13846
13858
14110
14123
14124
14127
14185
14198
14234
14243
14248
14305
14327
14332
14379
14381
14407
14431
14439
14484
14501
14581
14605
14710
14819
14900
14901
14903
14913
14949
14976
15001
15086
15280
15287
15320
15334
15352
15360
15374
15418
15421
15611
15662
15671
15695
15706
15745
15748
15778
15802
15837
15897
15934
15968
15998
16117
16129
16222
16378
16443
16536
16696
16734
16871
16941
16970
17006
17077
17151
17155
17226
17272
17342
17360
17409
17450
17463
17493
17502
17504
17519
17524
17556
17567
17584
17598
17609
17625
17693
17728
17749
17765
17771
17791
17851
17925
17953
17982
18036
18049
18134
18145
18168
18227
18237
18270
18273
18348
18403
18413
18439
18502
18514
18579
18590
18642
18655
18671
18676
18785
18843
18855
18875
18905
19042
19055
19085
19090
19097
19112
19124
19184
19217
19232
19249
19374
19377
19402
19533
19638
19675
19735
19744
19753
19755
19790
19793
19800
19811
19820
19831
19839
19904
19982
19986
20057
20146
20147
20149
20153
20160
20225
20226
20234
20388
20414
20434
20485
20512
20558
20591
20656
20695
20758
20861
20921
20939
21116
21151
21219
21235
21294
21301
21330
21400
21415
21496
21558
21613
21674
21675
21698
21740
21778
21782
21820
21836
21840
21899
21938
21941
21946
22055
22062
22072
22153
22163
22170
22181
22336
22348
22369
22393
22432
22461
22582
22714
22721
22754
22765
22799
22814
22856
22866
22907
22920
22970
23072
23126
23144
23187
23226
23229
23240
23312
23335
23354
23387
23391
23554
23595
23620
23719
23731
23739
23778
23786
23841
23860
23923
23954
23973
24022
24038
24043
24046
24050
24077
24132
24136
24150
24218
24280
24296
24340
24402
24420
24472
24479
24511
24530
24562
24614
24632
24684
24689
24698
24699
24816
24842
24843
24860
24905
24915
24936
24944
24958
24986
25002
25013
25033
25063
25070
25102
25202
25269
25328
25431
25519
25595
25607
25611
25612
25617
25618
25636
25787
25838
25863
25920
25932
25944
25958
25962
25964
25989
26052
26159
26175
26234
26240
26261
26274
26301
26333
26378
26395
26406
26417
26427
26475
26486
26499
26584
26623
26648
26676
26686
26758
26777
26802
26803
26857
26867
26898
26917
26943
27010
27011
27105
27139
27265
27322
27345
27368
27378
27404
27489
27496
27514
27573
27603
27640
27658
27705
27729
27749
27766
27823
27970
28009
28032
28034
28131
28210
28229
28243
28291
28349
28357
28380
28463
28469
28537
28569
28606
28608
28628
28659
28670
28772
28797
28880
28966
29093
29110
29183
29216
29229
29235
29239
29246
29267
29309
29326
29404
29407
29415
29419
29450
29631
29680
29701
29721
29796
29809
29826
29899
29907
29928
29965
30098
30153
30157
30184
30221
30280
30291
30296
30303
30345
30487
30516
30522
30525
30557
30568
30649
30769
30781
30841
30874
30892
30947
30960
30983
31036
31071
31099
31114
31231
31284
31294
31318
31347
31420
31467
31517
31551
31569
31581
31584
31589
31625
31732
31749
31780
31949
31969
31970
31982
32003
32016
32029
32040
32201
32202
32277
32289
32294
32359
32373
32430
32497
32571
32582
32629
32650
32690
32711
32772
32804
32823
32857
32861
32924
32933
32982
33018
33034
33062
33089
33109
33147
33222
33296
33378
33473
33519
33530
33561
33617
33626
33680
33691
33771
33787
33792
33797
33898
33953
33995
34001
34047
34066
34068
34118
34147
34205
34210
34229
34315
34406
34517
34588
34596
34686
34728
34741
34780
34820
34843
34979
35042
35106
35142
35181
35279
35296
35322
35331
35340
35374
35393
35399
35428
35431
35440
35447
35472
35573
35596
35794
35819
35840
35841
35856
35866
35881
35984
36012
36114
36146
36192
36207
36243
36336
36480
36600
36638
36647
36733
36740
36780
36824
36831
36839
36851
36906
36983
37009
37012
37013
37023
37034
37037
37044
37056
37154
37246
37249
37316
37326
37432
37439
37465
37493
37543
37582
37627
37630
37634
37657
37667
37721
37747
37770
37820
37860
37900
37902
37939
37944
37947
37981
38013
38076
38089
38107
38154
38213
38228
38244
38310
38330
38402
38559
38570
38610
38617
38639
38649
38678
38680
38702
38742
38753
38773
38776
38787
38812
38883
38925
38960
38965
38992
38997
39061
39067
39102
39137
39198
39214
39325
39331
39347
39378
39387
39480
39487
39520
39623
39679
39689
39746
39752
39778
39786
39836
39843
39909
39912
39977
39996
40077
40117
40138
40235
40259
40272
40287
40302
40409
40411
40438
40527
40621
40661
40663
40696
40812
40825
40871
40973
40998
41014
41028
41125
41127
41156
41172
41180
41195
41203
41242
41272
41309
41394
41416
41426
41476
41498
41508
41509
41627
41732
41749
41778
41786
41831
41843
41863
41888
41983
41992
42032
42052
42054
42073
42214
42241
42278
42288
42339
42353
42359
42407
42438
42471
42506
42538
42589
42598
42599
42609
42684
42800
42818
42857
42897
42954
42989
43035
43077
43084
43138
43139
43185
43203
43226
43268
43272
43301
43303
43311
43354
43417
43430
43433
43445
43492
43504
43629
43640
43645
43663
43693
43712
43719
43740
43804
43832
43849
43884
43906
43923
43955
44090
44143
44165
44201
44244
44319
44337
44393
44422
44473
44523
44556
44559
44575
44671
44713
44760
44828
44847
44883
44922
44967
44977
45030
45243
45247
45354
45393
45516
45559
45577
45581
45678
45693
45754
45835
46038
46105
46132
46138
46146
46187
46206
46226
46321
46341
46343
46349
46351
46385
46424
46474
46501
46525
46532
46621
46630
46663
46703
46785
46808
46826
46833
46834
46848
46849
46927
46947
46988
46993
47201
47203
47229
47427
47457
47471
47526
47587
47592
47630
47663
47732
47735
47743
47750
47770
47772
47823
47829
47857
47939
47977
48008
48060
48145
48243
48326
48332
48371
48560
48606
48699
48802
48819
48855
48862
48936
48959
48982
49069
49101
49267
49273
49305
49309
49315
49376
49600
49607
49616
49624
49629
49684
49691
49698
49729
49763
49932
50080
50099
50133
50213
50223
50273
50313
50338
50379
50384
50394
50395
50414
50499
50520
50570
50611
50614
50634
50680
50751
50788
50794
50804
50842
50877
50893
50915
50933
50974
50981
50984
51016
51021
51035
51039
51049
51092
51098
51159
51162
51177
51190
51191
51194
51258
51262
51266
51339
51407
51465
51488
51550
51575
51600
51604
51638
51783
51792
51797
51916
52149
52194
52257
52281
52316
52321
52453
52492
52502
52618
52665
52757
52943
52952
52974
53032
53037
53146
53207
53225
53248
53255
53293
53365
53394
53401
53433
53474
53489
53533
53540
53559
53574
53591
53622
53809
53945
53975
54048
54058
54312
54339
54467
54529
54600
54695
54744
54797
54806
54809
54830
54837
54889
54935
55078
55110
55200
55209
55214
55224
55257
55271
55359
55421
55482
55549
55552
55606
55738
55753
55911
56001
56029
56158
56228
56240
56328
56359
56361
56391
56402
56405
56461
56462
56464
56491
56539
56555
56590
56609
56647
56710
56748
56787
56931
56977
56997
57026
57036
57104
57196
57268
57320
57325
57357
57410
57417
57424
57474
57524
57575
57644
57701
57708
57710
57711
57840
57845
57878
58084
58112
58116
58176
58254
58267
58278
58303
58306
58516
58518
58614
58636
58698
58737
58806
58841
58921
58972
59069
59157
59178
59190
59291
59362
59363
59442
59451
59513
59675
59685
59707
59709
59713
59824
59951
59982
60025
60067
60088
60120
60180
60204
60219
60254
60359
60436
60480
60485
60557
60590
60712
60725
60775
60855
60870
60898
60937
60977
60995
61051
61052
61073
61254
61274
61433
61441
61451
61684
61703
61715
61774
61875
61913
61958
61968
62023
62049
62052
62070
62071
62212
62346
62356
62398
62460
62549
62571
62634
62668
62690
62862
62872
62886
62934
62940
62951
63062
63095
63113
63148
63173
63241
63296
63417
63430
63549
63553
63575
63649
63666
63686
63702
63711
63866
63905
63933
63968
64000
64019
64029
64090
64142
64144
64154
64221
64315
64322
64349
64371
64421
64434
64456
64475
64479
64487
64581
64599
64919
64969
65067
65142
65147
65217
65265
65274
65318
65373
65452
65461
65514
65592
65619
65630
65831
65904
65910
65950
66038
66070
66169
66196
66204
66242
66260
66267
66303
66333
66335
66352
66406
66452
66485
66552
66623
66631
66713
66751
66762
66789
66815
66848
67031
67083
67116
67159
67287
67374
67422
67441
67501
67606
67631
67635
67665
67757
67765
67774
67892
67921
67925
67946
67996
68055
68159
68161
68199
68298
68311
68336
68380
68403
68448
68464
68650
68698
68712
68715
68763
68806
68967
69066
69072
69112
69136
69149
69156
69167
69186
69232
69250
69270
69290
69352
69428
69479
69516
69528
69615
69630
69631
69645
69748
69854
69918
69947
69984
70007
70051
70052
70069
70173
70190
70216
70248
70289
70300
70313
70319
70328
70356
70396
70560
70586
70588
70622
70637
70662
70773
70782
70861
70863
71015
71135
71145
71185
71222
71295
71301
71376
71453
71534
71553
71713
71783
71821
72090
72127
72141
72191
72212
72225
72264
72410
72504
72640
72707
72783
72792
73009
73014
73034
73187
73189
73215
73227
73271
73314
73367
73376
73532
73654
73691
73710
73783
73950
73966
74001
74077
74147
74153
74194
74307
74345
74383
74506
74575
74669
74680
74785
74903
75005
75012
75093
75151
75232
75335
75355
75438
75446
75454
75475
75478
75595
75622
75643
75702
75703
75714
75717
75752
75790
75842
75853
75925
75932
75962
75992
76013
76027
76083
76101
76165
76258
76320
76342
76504
76604
76762
76781
76800
76802
76806
76946
76980
77012
77112
77181
77334
77462
77613
77632
77677
77735
77856
77977
78012
78062
78185
78220
78258
78296
78334
78387
78401
78425
78460
78525
78572
78678
78720
78744
78858
78880
78902
78969
79011
79066
79119
79141
79150
79204
79272
79310
79383
79405
79587
79592
79608
79632
79635
79636
79689
79694
79736
79742
79758
79862
79931
79950
80068
80085
80088
80183
80360
80640
80653
80711
80756
80890
80898
81003
81032
81085
81092
81102
81275
81356
81574
81580
81764
82024
82040
82076
82140
82236
82264
82269
82302
82323
82515
82529
82646
82687
82746
82751
82930
82938
83059
83064
83105
83233
83290
83440
83582
83592
83642
83663
83758
83784
83814
83911
84060
84130
84197
84267
84308
84324
84398
84452
84541
84575
84907
84943
84957
84976
85056
85088
85127
85213
85249
85363
85416
85476
85482
85521
85623
85681
85789
85831
85846
86063
86268
86313
86340
86366
86400
86486
86555
86659
86775
86999
87030
87089
87104
87132
87266
87308
87320
87429
87474
87476
87587
87604
87641
87670
87695
87738
87756
87775
87792
87970
88082
88104
88198
88200
88325
88331
88339
88398
88452
88483
88528
88694
88712
88744
88747
88752
88903
88988
89014
89161
89225
89228
89267
89276
89288
89389
89478
89486
89536
89562
89597
89763
89827
89871
89895
89932
89966
90082
90111
90162
90236
90256
90455
90616
90633
90662
90738
90808
91226
91362
91365
91404
91558
91666
91690
91756
91801
91880
91928
91939
91981
92099
92114
92237
92260
92304
92368
92442
92594
92687
92700
92730
92851
92861
92963
92974
93122
93198
93225
93244
93432
93539
93626
93746
93751
93778
93829
93911
93920
93947
93994
94110
94144
94155
94195
94248
94295
94319
94358
94409
94443
94534
94733
94804
94850
94883
94885
95058
95203
95368
95373
95464
95518
95571
95582
95621
154593
155793
157360
159314
160797
161844
161854
162081
162871
163960
164014
164198
164927
165691
166525
167348
169246
171824
172011
172064
172686
173175
174625
176547
177470
178951
179339
180106
180446
180872
181175
182612
182979
184201
184490
188942
190204
192887
193197
193400
193511
195532
196114
199841
200217
200709
200733
202405
203742
203939
205154
205166
207597
208270
208487
209213
209218
209773
213236
215026
216619
217115
217289
219055
219141
219319
219669
220497
221080
222091
222235
222319
224465
224604
224994
225653
227512
229432
230605
231622
232287
233593
236362
238616
240705
242073
242557
243394
399
545
583
718
1255
1403
1499
1972
2025
2045
2188
2310
2339
2340
2347
2431
2463
2514
2524
2525
2529
2546
2558
2607
2757
2837
2854
2917
2938
3077
3188
3195
3209
3229
3332
3610
3691
3775
3792
3910
4008
4086
4167
4260
4414
4511
4591
4785
4869
4991
5021
5191
5269
5321
5379
5412
5472
5596
5635
5679
5739
5760
5828
5843
5914
6028
6059
6099
6137
6172
6210
6242
6272
6585
6589
6675
6685
6756
6798
6845
6893
6919
6998
7009
7022
7058
7248
7319
7349
7363
7399
7467
7470
7531
7600
7604
7648
7774
7803
7860
7877
7881
7883
7906
7908
7933
7981
7989
8087
8219
8261
8337
8426
8494
8506
8593
8628
8640
8721
8803
8895
8903
8940
8942
8950
9022
9036
9347
9394
9406
9436
9450
9520
9579
9587
9673
9680
9717
9742
9772
9782
9809
9821
9846
9897
9905
9963
9972
9998
10005
10008
10040
10104
10136
10164
10170
10175
10189
10192
10193
10198
10211
10335
10401
10405
10407
10414
10456
10470
10546
10550
10569
10590
10689
10698
10963
11019
11119
11141
11142
11160
11182
11195
11204
11334
11389
11506
11526
11537
11557
11631
11654
11685
11702
11793
11797
11892
11938
11939
11943
11956
11991
12113
12313
12316
12329
12355
12403
12413
12432
12456
12475
12478
12510
12522
12541
12562
12681
12682
12725
12747
12754
12821
12828
12982
13041
13128
13137
13144
13204
13268
13348
13353
13497
13507
13519
13520
13536
13547
13561
13571
13585
13597
13678
13694
13757
13773
13782
13829
13913
13915
14041
14068
14088
14171
14184
14208
14222
14263
14268
14269
14284
14334
14339
14346
14412
14415
14466
14480
14493
14515
14634
14662
14676
14700
14713
14734
14750
14766
14771
14782
14862
14896
14956
14958
15026
15047
15122
15142
15157
15173
15186
15221
15254
15346
15465
15490
15492
15496
15536
15556
15640
15651
15658
15686
15716
15769
15774
15782
15835
15839
15859
15867
15868
15921
15945
16019
16021
16061
16063
16080
16115
16155
16157
16189
16250
16319
16380
16413
16507
16517
16541
16601
16611
16718
16732
16740
16849
16889
16906
16997
17021
17047
17049
17188
17191
17196
17216
17218
17248
17291
17357
17358
17377
17388
17405
17557
17575
17580
17781
17828
17853
17906
17932
17958
17974
17978
17997
18057
18116
18146
18153
18198
18200
18206
18238
18249
18260
18285
18286
18304
18347
18379
18381
18404
18409
18412
18433
18472
18487
18560
18581
18598
18613
18619
18692
18708
18717
18927
19020
19060
19063
19074
19137
19145
19235
19250
19262
19323
19344
19382
19386
19408
19421
19435
19448
19469
19473
19500
19512
19555
19612
19625
19663
19668
19669
19732
19786
19835
19850
19870
19878
19881
19933
19987
20019
20111
20138
20200
20222
20231
20259
20277
20283
20290
20321
20322
20329
20343
20355
20405
20412
20497
20537
20538
20542
20613
20623
20636
20659
20688
20736
20775
20833
20938
20987
21031
21051
21052
21105
21125
21157
21175
21230
21274
21288
21308
21341
21395
21403
21469
21511
21535
21545
21567
21597
21607
21636
21639
21671
21750
21765
21775
21827
21856
21879
21925
21935
21973
21974
22009
22014
22026
22112
22191
22215
22233
22252
22293
22299
22342
22399
22409
22410
22416
22417
22452
22460
22462
22467
22531
22584
22587
22640
22652
22716
22785
22861
22864
22869
22912
22981
22997
23003
23088
23159
23196
23207
23210
23227
23244
23261
23414
23415
23478
23481
23498
23510
23516
23548
23559
23562
23570
23572
23674
23682
23870
23876
23878
23894
23897
23968
24000
24005
24014
24048
24093
24105
24122
24253
24268
24353
24392
24398
24405
24449
24456
24500
24515
24553
24565
24579
24627
24631
24636
24658
24691
24773
24788
24814
24880
24899
24942
24951
25015
25038
25091
25097
25099
25117
25122
25140
25151
25167
25236
25296
25305
25341
25365
25383
25427
25428
25439
25473
25502
25522
25565
25668
25693
25764
25782
25893
25913
25960
25974
25998
26193
26194
26197
26223
26264
26284
26290
26324
26331
26351
26358
26359
26441
26463
26493
26504
26579
26603
26735
26737
26810
26831
26875
27009
27031
27096
27104
27106
27155
27230
27241
27249
27251
27284
27286
27352
27362
27419
27545
27554
27602
27614
27682
27701
27732
27778
27780
27821
27822
27921
28003
28074
28081
28102
28107
28150
28182
28230
28335
28354
28385
28414
28440
28514
28736
28774
28792
28800
28804
28837
28857
29044
29070
29130
29160
29201
29237
29245
29270
29324
29330
29339
29353
29367
29426
29443
29486
29518
29555
29573
29595
29598
29667
29783
29865
29887
29906
29956
30007
30014
30023
30053
30103
30118
30123
30125
30127
30135
30179
30215
30227
30253
30295
30329
30429
30439
30445
30475
30486
30508
30541
30582
30598
30611
30724
30733
30785
30789
30819
30833
30969
31067
31077
31090
31201
31204
31292
31350
31405
31411
31434
31442
31487
31511
31561
31579
31580
31603
31623
31690
31701
31813
31875
31885
31901
31923
31927
31928
31964
31999
32097
32099
32150
32169
32196
32270
32293
32363
32380
32418
32424
32523
32532
32540
32584
32594
32617
32652
32666
32679
32685
32777
32786
32801
32872
32903
32926
32929
33003
33053
33118
33119
33216
33235
33247
33253
33259
33267
33268
33284
33353
33361
33385
33401
33416
33424
33443
33537
33558
33567
33588
33595
33644
33649
33800
33801
33825
33832
33855
33858
33868
33875
33889
33893
33917
33933
33945
33963
34005
34016
34018
34112
34129
34176
34208
34232
34289
34301
34303
34317
34366
34369
34418
34420
34427
34439
34449
34467
34626
34645
34648
34709
34740
34742
34857
34940
34950
34971
35002
35028
35040
35046
35052
35122
35158
35193
35208
35230
35242
35246
35368
35381
35418
35425
35654
35677
35736
35764
35769
35808
35813
35919
36011
36050
36074
36113
36158
36208
36234
36253
36269
36376
36391
36407
36440
36441
36454
36461
36472
36504
36510
36559
36577
36586
36816
36818
36841
36900
36902
36945
36948
36949
36960
36970
37033
37118
37153
37186
37189
37200
37212
37332
37351
37371
37410
37417
37473
37542
37638
37639
37651
37683
37762
37817
37830
37872
37904
37933
37941
37985
38008
38027
38059
38085
38088
38102
38125
38196
38289
38376
38388
38391
38436
38462
38464
38478
38483
38516
38585
38607
38704
38723
38740
38744
38804
38913
38929
38931
38983
39018
39050
39170
39243
39287
39364
39366
39368
39371
39388
39390
39411
39500
39513
39519
39525
39551
39575
39610
39629
39633
39663
39671
39691
39730
39744
39751
39759
39783
39788
39798
39812
39832
39875
39885
39945
39994
39995
40004
40094
40099
40111
40158
40201
40225
40305
40328
40342
40343
40532
40574
40635
40736
40741
40756
40803
40815
40839
40843
40848
40941
40967
40987
41000
41047
41055
41086
41096
41103
41115
41141
41158
41190
41257
41341
41352
41393
41405
41496
41634
41689
41754
41761
41791
41878
41900
41912
41930
42003
42017
42018
42153
42162
42174
42203
42307
42351
42355
42371
42418
42425
42480
42497
42502
42533
42557
42562
42590
42604
42726
42733
42745
42759
42772
42777
42802
42835
42907
42938
43000
43040
43093
43121
43123
43183
43221
43244
43295
43304
43411
43415
43471
43524
43569
43595
43621
43661
43687
43722
43735
43743
43819
43826
43861
43919
43931
43941
43977
44006
44026
44045
44049
44122
44140
44148
44159
44178
44204
44222
44234
44255
44269
44282
44297
44349
44394
44454
44515
44579
44613
44659
44822
44907
44944
44953
45004
45058
45059
45197
45206
45309
45349
45350
45365
45498
45527
45568
45594
45609
45614
45624
45631
45658
45677
45690
45696
45786
45817
45834
45884
45885
45946
45957
46040
46076
46094
46239
46243
46317
46391
46420
46467
46484
46521
46555
46601
46632
46694
46704
46721
46796
46941
46959
46999
47013
47116
47121
47126
47172
47194
47236
47393
47412
47445
47516
47554
47665
47670
47673
47706
47720
47764
47782
47820
47837
47897
47907
48039
48064
48071
48084
48235
48236
48251
48272
48304
48330
48410
48427
48441
48482
48537
48593
48594
48675
48706
48848
48856
48893
48899
49029
49049
49113
49121
49186
49238
49284
49318
49330
49415
49551
49570
49608
49621
49633
49669
49678
49773
49779
49790
49798
49809
49819
49882
49895
49917
50028
50043
50061
50063
50069
50107
50178
50360
50364
50383
50410
50438
50480
50522
50529
50621
50658
50693
50695
50705
50724
50736
50746
50799
50927
50951
50957
50969
50982
51017
51028
51032
51043
51073
51090
51102
51128
51155
51181
51192
51210
51212
51245
51309
51320
51323
51382
51384
51464
51489
51499
51553
51590
51710
51779
51800
51810
51818
51845
51869
51877
51903
51931
51932
51934
51940
52055
52109
52119
52126
52160
52172
52175
52183
52201
52268
52294
52299
52329
52405
52411
52471
52477
52493
52537
52573
52581
52595
52734
52736
52747
52800
52819
52834
52840
52877
52922
52923
52955
52981
52998
53002
53004
53008
53061
53070
53071
53095
53097
53119
53120
53127
53172
53218
53228
53245
53251
53281
53337
53358
53432
53436
53472
53570
53615
53663
53670
53695
53766
53794
53822
53825
53832
53866
53931
53949
53961
53980
54004
54135
54140
54150
54158
54224
54262
54268
54318
54387
54478
54504
54518
54568
54625
54741
54747
54803
54816
54824
54829
54890
54894
54900
54987
54988
54996
55002
55008
55025
55114
55182
55236
55312
55400
55425
55442
55446
55447
55509
55539
55565
55573
55639
55681
55682
55688
55735
55799
55820
55928
55944
56045
56059
56081
56127
56165
56195
56206
56214
56225
56251
56253
56271
56332
56346
56352
56366
56394
56440
56486
56493
56496
56509
56548
56558
56583
56643
56651
56693
56695
56717
56738
56823
56849
56876
56974
57014
57077
57087
57100
57101
57166
57213
57241
57289
57309
57339
57385
57415
57450
57498
57580
57605
57668
57680
57703
57704
57727
57800
57805
57815
57835
57918
57945
57947
57988
58098
58153
58166
58223
58233
58251
58282
58299
58310
58334
58337
58375
58393
58437
58527
58538
58559
58695
58778
58793
58851
58860
58925
58946
58953
59006
59015
59029
59129
59145
59170
59207
59219
59231
59234
59247
59269
59270
59279
59299
59308
59361
59372
59387
59422
59436
59454
59463
59480
59547
59611
59661
59712
59799
59831
59854
59868
59926
59930
59959
59979
59981
60013
60015
60060
60190
60244
60255
60374
60388
60462
60474
60493
60532
60545
60552
60585
60599
60629
60634
60648
60665
60676
60708
60731
60866
60915
60960
60983
60996
61070
61097
61225
61250
61263
61267
61281
61361
61400
61411
61436
61449
61473
61487
61493
61521
61621
61637
61674
61693
61819
61830
61899
61937
61956
61970
61979
62027
62068
62127
62152
62179
62197
62217
62222
62227
62256
62288
62308
62334
62344
62366
62370
62407
62420
62439
62447
62473
62477
62488
62657
62700
62716
62732
62740
62824
62865
62901
62905
62916
63068
63129
63142
63165
63230
63319
63332
63338
63395
63401
63442
63444
63459
63476
63550
63570
63596
63602
63611
63647
63718
63779
63863
63872
63883
63938
63963
63989
63991
64063
64093
64101
64135
64162
64310
64396
64461
64463
64483
64484
64489
64503
64513
64541
64575
64610
64619
64644
64688
64710
64711
64724
64759
64761
64808
65046
65051
65056
65065
65134
65175
65286
65307
65314
65374
65384
65454
65471
65509
65550
65598
65635
65637
65643
65696
65727
65737
65756
65767
65777
65793
65802
65930
65994
66132
66174
66213
66233
66246
66300
66349
66365
66386
66390
66396
66431
66454
66472
66490
66524
66588
66633
66640
66650
66663
66680
66730
66736
66802
66826
66869
66870
66874
66939
66972
66994
67002
67053
67065
67160
67181
67237
67269
67305
67356
67378
67383
67388
67403
67479
67486
67489
67509
67516
67558
67609
67619
67696
67740
67779
67854
67864
67894
67979
68050
68053
68156
68160
68172
68195
68230
68239
68241
68242
68324
68416
68424
68470
68506
68614
68664
68706
68720
68770
68802
68838
68918
68919
68997
69054
69114
69191
69193
69282
69350
69354
69382
69383
69445
69504
69523
69529
69540
69549
69570
69644
69694
69721
69788
69808
69842
69847
69883
69886
69900
69957
70022
70041
70065
70075
70094
70095
70110
70112
70122
70133
70136
70141
70147
70204
70246
70279
70423
70446
70502
70508
70520
70541
70561
70770
70834
70884
70908
70918
70926
70955
70974
71020
71029
71052
71068
71098
71209
71230
71240
71255
71304
71314
71359
71360
71363
71471
71516
71521
71563
71585
71625
71627
71701
71839
71888
71962
72018
72054
72100
72115
72203
72204
72281
72332
72354
72390
72393
72398
72405
72493
72528
72564
72631
72633
72645
72719
72768
72825
72950
72965
72980
73107
73139
73188
73207
73221
73388
73401
73445
73520
73549
73613
73804
73860
73862
73920
73963
73977
74034
74062
74068
74122
74151
74232
74268
74286
74319
74320
74328
74397
74402
74423
74577
74653
74773
74829
74863
74956
74991
75042
75050
75066
75110
75168
75178
75183
75188
75197
75199
75200
75208
75240
75266
75273
75294
75318
75370
75379
75380
75394
75415
75447
75457
75561
75606
75650
75825
75833
75902
75922
75973
76077
76201
76227
76295
76300
76353
76387
76543
76582
76584
76592
76622
76628
76636
76645
76696
76698
76765
76867
76880
76888
76912
76984
77033
77041
77169
77170
77175
77209
77261
77271
77303
77352
77364
77393
77410
77423
77459
77488
77505
77522
77542
77564
77593
77615
77699
77701
77704
77714
77850
77864
77959
78019
78057
78079
78146
78163
78249
78290
78355
78363
78382
78406
78419
78490
78492
78516
78523
78571
78640
78708
78719
78736
78766
78838
78841
78876
78895
78909
78984
79018
79031
79046
79058
79062
79132
79239
79243
79245
79253
79266
79336
79377
79417
79471
79482
79500
79504
79551
79571
79578
79706
79714
79761
79778
79856
79894
80009
80045
80140
80158
80168
80174
80209
80230
80273
80295
80331
80387
80400
80480
80486
80505
80577
80615
80617
80625
80639
80667
80671
80717
80789
80798
80801
80811
80852
80893
80899
80904
80931
80954
80980
80983
81022
81034
81101
81103
81124
81194
81220
81264
81344
81406
81427
81450
81490
81515
81576
81661
81689
81698
81745
81761
81839
82017
82041
82149
82229
82353
82368
82388
82390
82418
82432
82434
82450
82479
82585
82611
82624
82656
82693
82704
82712
82721
82835
82842
82847
82908
82915
82921
82926
82934
82991
83072
83186
83322
83336
83465
83515
83537
83568
83574
83602
83605
83623
83729
83780
83806
83822
83849
83853
83907
83912
83984
84065
84126
84164
84262
84292
84301
84302
84339
84397
84399
84405
84466
84558
84595
84612
84619
84661
84749
84770
84826
84934
84941
85011
85084
85097
85146
85156
85218
85254
85315
85317
85339
85367
85378
85393
85439
85443
85449
85458
85473
85489
85673
85677
85740
85938
85976
86057
86077
86086
86176
86184
86199
86287
86302
86305
86325
86469
86479
86512
86577
86582
86584
86653
86666
86702
86703
86751
86768
86919
86986
86997
87045
87086
87106
87171
87204
87302
87336
87408
87410
87424
87483
87584
87609
87710
87715
87873
87943
87997
88027
88121
88149
88278
88283
88302
88328
88475
88477
88533
88555
88642
88649
88803
88829
88841
88942
89071
89090
89092
89102
89124
89181
89235
89261
89264
89306
89346
89417
89503
89533
89554
89639
89655
89658
89853
89862
89882
89898
89954
89975
89977
90028
90112
90136
90253
90269
90365
90537
90546
90570
90581
90650
90736
90804
90930
90942
90955
90987
91031
91057
91060
91184
91339
91384
91389
91535
91549
91643
91749
91975
91978
92019
92023
92056
92082
92085
92165
92178
92195
92209
92413
92422
92530
92566
92634
92689
92725
92728
92735
92788
92813
92840
92849
92860
92962
92994
93000
93088
93093
93114
93210
93227
93327
93334
93370
93394
93402
93437
93597
93674
93717
93873
93888
93932
93993
94001
94076
94096
94117
94123
94138
94139
94360
94388
94435
94459
94463
94464
94473
94614
94644
94684
94814
94873
94908
94964
94971
94984
95044
95081
95211
95229
95232
95272
95293
95294
95430
95467
95539
95758
95775
95935
96016
96084
96666
99908
148630
148652
148680
148815
148842
148925
149061
149290
149532
149603
149604
149978
150109
150645
151524
151546
151577
151590
152076
152229
152243
152281
153522
153566
154257
154519
155058
155107
155159
155175
155393
155396
155457
155490
155622
155919
156221
156433
156556
156946
157298
157323
158406
158492
158775
158858
159162
159256
159300
159441
159498
159667
160005
160235
160370
160432
162300
162634
162691
163097
163110
163111
164509
165643
166356
166488
168103
168362
168815
168960
168966
169026
169121
169128
169286
170993
171362
171437
171778
171803
171841
172020
172205
173112
173337
173558
173740
174795
174972
175104
175282
175678
175862
176102
176174
176241
176504
176616
176788
177279
177522
177780
178155
178743
178959
179221
179276
179300
179508
179886
179928
179994
180028
180178
180218
180281
180522
180582
180815
181388
181582
181612
181821
182003
182178
182563
182579
182605
183475
183504
184286
184433
184434
184843
184892
185358
185406
186052
188070
188297
188770
189108
189638
189699
190032
190161
191001
191320
191348
191624
191739
191941
193826
193844
194063
194356
194384
194666
195157
195290
195694
195836
196669
196745
197994
199319
199551
200241
200663
200894
201039
201476
202357
202395
202542
202737
202842
203069
203210
203367
203408
203580
204248
204462
205738
205774
205821
207130
207290
207940
208450
208741
209739
209919
210229
210742
212269
212283
212627
212835
212925
213441
214917
216170
217331
217741
217866
218313
218362
218513
219381
219897
221063
221446
221768
222934
223024
223916
224362
224456
224626
224731
224825
224846
225848
225978
227629
229000
230123
230183
230577
230802
230843
231294
231601
231767
232129
232143
233290
234029
234401
234591
234599
235919
236511
237178
238298
238310
238473
238876
238903
239378
239706
240162
240262
241029
241986
244854
246365
246883
127
163
173
174
422
764
817
968
1032
1087
1359
1372
1389
1397
1598
1629
1729
2175
2265
2268
2453
2509
2576
2661
2709
2810
2866
2883
2955
3020
3211
3245
3345
3538
3590
3649
3666
3907
3987
4042
4140
4159
4171
4359
4367
4436
4517
4715
4725
4817
4853
4867
5005
5035
5080
5100
5131
5145
5293
5300
5363
5377
5395
5441
5466
5476
5512
5575
5908
6029
6152
6162
6273
6394
6410
6543
6606
6678
6752
6769
6825
6869
6932
7034
7052
7091
7105
7112
7121
7152
7164
7180
7186
7215
7221
7238
7240
7280
7340
7351
7397
7491
7549
7574
7581
7676
7681
7684
7771
7790
7857
7858
7886
7928
7952
7974
7987
8008
8082
8104
8236
8250
8290
8322
8383
8520
8539
8586
8594
8637
8673
8691
8817
8828
8854
8864
8899
8971
8993
9000
9002
9281
9294
9414
9422
9451
9452
9472
9556
9564
9580
9667
9681
9693
9746
9763
9833
9838
9890
9953
10004
10017
10061
10441
10476
10498
10527
10619
10630
10632
10762
10787
10841
10861
10865
10867
10887
10889
10908
10971
10974
10980
11011
11017
11123
11151
11221
11235
11265
11314
11317
11342
11351
11371
11437
11449
11459
11464
11494
11529
11556
11566
11571
11687
11759
11869
11968
11975
11981
12001
12035
12056
12137
12142
12196
12293
12379
12426
12494
12554
12586
12683
12700
12706
12734
12773
12787
12791
12915
12916
12947
12998
13022
13034
13106
13191
13265
13267
13277
13295
13312
13422
13447
13477
13489
13515
13543
13591
13626
13687
13713
13748
13774
13788
13806
13842
13900
13910
13912
13929
13944
13977
14004
14045
14055
14076
14079
14101
14120
14175
14236
14240
14245
14247
14299
14303
14324
14361
14365
14369
14413
14442
14450
14451
14490
14537
14609
14622
14749
14756
14810
14814
14826
14837
14858
14866
14881
14902
14929
14952
14964
14990
15101
15117
15181
15216
15241
15257
15265
15311
15333
15379
15430
15456
15494
15508
15533
15589
15634
15639
15696
15806
15809
15844
15944
15972
16073
16074
16087
16113
16121
16128
16209
16264
16295
16385
16390
16410
16447
16448
16449
16453
16462
16491
16540
16632
16636
16648
16737
16749
16784
16820
16881
16891
16931
16938
16958
16971
16993
17012
17027
17048
17061
17073
17079
17116
17154
17157
17193
17213
17235
17269
17270
17302
17321
17324
17346
17355
17455
17468
17489
17532
17544
17626
17670
17671
17676
17677
17700
17734
17753
17802
17823
17832
17865
17934
18021
18024
18042
18043
18133
18138
18151
18171
18185
18201
18202
18226
18250
18254
18255
18276
18331
18338
18341
18356
18366
18369
18371
18427
18447
18485
18500
18530
18550
18571
18575
18591
18604
18605
18641
18663
18678
18699
18734
18736
18776
18799
18835
18869
18888
18945
18995
19008
19034
19080
19081
19110
19127
19180
19238
19322
19342
19376
19398
19404
19412
19423
19480
19487
19491
19516
19519
19525
19530
19534
19539
19543
19547
19553
19564
19576
19626
19627
19628
19680
19698
19725
19728
19733
19794
19855
19935
20016
20064
20079
20080
20082
20093
20125
20137
20163
20197
20208
20221
20223
20229
20233
20240
20257
20292
20309
20315
20340
20393
20408
20432
20456
20501
20511
20554
20597
20616
20626
20646
20676
20679
20706
20753
20798
20830
20838
20865
20876
20882
20910
20916
20927
20929
20949
20953
20957
20989
20993
21041
21046
21159
21166
21225
21232
21270
21289
21298
21321
21368
21373
21422
21502
21517
21523
21543
21611
21615
21623
21644
21660
21665
21687
21697
21701
21748
21788
21809
21948
21956
21963
21991
21992
22008
22045
22046
22080
22114
22117
22183
22197
22208
22265
22328
22334
22358
22360
22408
22429
22439
22443
22469
22493
22496
22512
22539
22567
22583
22650
22674
22680
22696
22697
22737
22918
22922
22961
22968
22976
22984
22996
23002
23040
23053
23059
23061
23086
23099
23111
23143
23145
23243
23267
23373
23426
23512
23532
23538
23549
23581
23591
23662
23733
23741
23765
23817
23818
23829
23914
23916
23957
23970
23978
24021
24034
24051
24078
24090
24143
24160
24185
24191
24203
24212
24226
24261
24346
24365
24413
24444
24457
24465
24521
24552
24554
24556
24557
24561
24563
24608
24617
24635
24639
24641
24648
24652
24661
24702
24727
24754
24769
24827
24838
24873
24884
24903
24931
24933
24947
24977
25032
25094
25120
25159
25163
25196
25306
25315
25318
25324
25375
25400
25507
25536
25542
25566
25573
25614
25616
25652
25656
25660
25674
25686
25783
25801
25805
25810
25812
25885
25929
25939
25940
25968
26041
26084
26105
26134
26146
26163
26257
26296
26341
26342
26405
26428
26451
26458
26462
26491
26507
26531
26544
26547
26550
26573
26586
26608
26616
26629
26649
26659
26730
26769
26864
26913
26918
26964
26966
26973
27017
27018
27054
27074
27083
27085
27116
27162
27178
27179
27200
27213
27331
27337
27343
27359
27360
27383
27457
27466
27468
27471
27551
27601
27611
27625
27761
27762
27763
27769
27777
27796
27804
27820
27836
27837
27856
27861
27879
27910
27920
27931
27969
27973
27990
27991
28041
28067
28096
28124
28126
28132
28143
28148
28160
28174
28186
28190
28244
28287
28342
28343
28368
28432
28444
28456
28464
28465
28466
28468
28477
28498
28544
28546
28571
28584
28594
28618
28641
28647
28671
28675
28721
28746
28776
28788
28791
28794
28835
28842
28876
28882
28887
28904
28930
28951
28989
29009
29010
29040
29082
29179
29189
29206
29207
29217
29268
29281
29287
29298
29315
29393
29416
29431
29446
29463
29495
29507
29510
29535
29557
29596
29615
29665
29685
29728
29741
29744
29745
29778
29780
29823
29824
29880
29950
30002
30025
30081
30110
30132
30183
30195
30196
30209
30224
30248
30267
30311
30349
30385
30396
30421
30441
30443
30496
30503
30506
30546
30566
30618
30646
30656
30677
30679
30692
30744
30779
30805
30814
30824
30836
30858
30888
30891
30939
30950
30956
30994
30997
31003
31008
31062
31098
31126
31167
31168
31197
31212
31227
31241
31242
31255
31270
31279
31307
31346
31359
31394
31418
31431
31475
31522
31543
31602
31629
31644
31646
31693
31709
31729
31741
31774
31839
31877
31906
31908
31915
31946
31957
32062
32075
32140
32143
32145
32148
32159
32207
32211
32222
32263
32284
32308
32314
32336
32352
32384
32495
32499
32515
32544
32554
32608
32612
32615
32664
32665
32681
32720
32739
32750
32751
32752
32833
32838
32865
32869
32940
32964
33017
33021
33023
33046
33057
33069
33073
33087
33125
33131
33170
33186
33198
33221
33279
33355
33395
33463
33476
33503
33534
33554
33569
33570
33575
33599
33602
33669
33696
33711
33735
33736
33738
33775
33930
33958
33986
34019
34026
34027
34040
34075
34141
34156
34182
34188
34204
34253
34265
34276
34281
34311
34345
34435
34463
34499
34548
34558
34567
34638
34639
34677
34746
34748
34753
34757
34819
34828
34848
34855
34860
34944
34965
34997
35024
35171
35179
35180
35231
35237
35245
35250
35293
35294
35313
35348
35398
35442
35444
35451
35459
35471
35483
35486
35490
35493
35525
35532
35556
35608
35636
35662
35671
35725
35750
35793
35796
35944
35960
35961
35968
35979
36030
36097
36144
36151
36201
36237
36264
36361
36379
36406
36415
36439
36446
36459
36519
36520
36530
36537
36569
36604
36606
36615
36703
36730
36742
36745
36770
36814
36820
36828
36847
36904
37010
37016
37061
37070
37109
37128
37156
37166
37285
37348
37360
37411
37434
37512
37517
37523
37540
37551
37561
37660
37673
37685
37698
37705
37735
37782
37795
37823
37882
37892
37921
37923
37957
37989
37992
37998
38166
38188
38189
38192
38193
38208
38216
38224
38237
38248
38296
38298
38323
38325
38327
38335
38377
38390
38392
38455
38528
38529
38590
38605
38757
38777
38791
38799
38809
38828
38837
38904
38939
38951
38986
39115
39118
39135
39172
39182
39200
39211
39220
39319
39322
39329
39344
39385
39397
39402
39445
39506
39564
39581
39587
39652
39661
39664
39781
39787
39800
39842
39880
39893
39901
39903
39970
39979
39985
39987
40001
40023
40057
40079
40088
40096
40129
40151
40176
40248
40281
40289
40293
40350
40427
40507
40510
40528
40563
40579
40582
40589
40617
40641
40666
40677
40690
40752
40800
40835
40857
40860
40920
40945
40961
41003
41033
41041
41063
41111
41113
41138
41185
41192
41197
41201
41222
41267
41314
41315
41333
41365
41367
41379
41385
41397
41452
41454
41477
41512
41542
41551
41569
41594
41616
41617
41630
41637
41669
41679
41696
41700
41711
41741
41772
41824
41850
41856
41867
41937
41961
42005
42057
42100
42109
42125
42171
42215
42251
42260
42264
42267
42294
42306
42315
42334
42352
42376
42449
42466
42473
42477
42483
42501
42553
42625
42635
42711
42715
42721
42724
42729
42756
42790
42794
42826
42860
42969
43048
43057
43083
43098
43101
43150
43168
43178
43269
43419
43459
43476
43597
43613
43638
43652
43676
43762
43799
43838
43845
43910
43917
43943
43962
43996
44010
44081
44111
44158
44207
44228
44239
44257
44293
44304
44382
44392
44417
44433
44513
44525
44545
44551
44568
44595
44608
44616
44647
44670
44678
44687
44699
44723
44747
44748
44791
44845
44862
44872
44877
44987
45005
45021
45056
45065
45148
45222
45251
45300
45326
45332
45358
45415
45456
45528
45545
45548
45560
45601
45607
45660
45676
45687
45729
45736
45753
45762
45787
45796
45806
45824
45848
45879
45888
45905
45906
45949
45993
46005
46021
46028
46035
46080
46176
46182
46211
46213
46214
46275
46280
46290
46316
46320
46354
46373
46393
46394
46396
46428
46455
46480
46493
46524
46571
46580
46591
46629
46634
46636
46637
46696
46718
46724
46737
46776
46828
46882
46892
46963
46968
46972
47026
47065
47066
47099
47139
47151
47163
47179
47183
47214
47218
47280
47304
47382
47387
47399
47403
47405
47429
47438
47450
47466
47496
47511
47617
47621
47624
47711
47712
47716
47725
47734
47741
47747
47784
47793
47825
47872
47876
47885
47959
47960
48109
48136
48147
48172
48221
48360
48366
48375
48376
48384
48440
48469
48503
48520
48542
48595
48603
48637
48685
48690
48755
48778
48781
48798
48821
48831
48877
48913
48937
48939
49017
49031
49034
49037
49066
49071
49111
49165
49178
49195
49213
49278
49337
49356
49369
49379
49387
49390
49449
49450
49461
49472
49504
49533
49617
49620
49626
49627
49634
49694
49697
49817
49822
49826
49830
49876
49879
49891
49954
49964
49967
49989
49992
50012
50042
50062
50079
50104
50108
50135
50206
50215
50222
50244
50291
50297
50322
50363
50385
50500
50504
50515
50524
50554
50556
50569
50587
50589
50596
50671
50683
50706
50738
50831
50832
50845
50854
50857
50867
50965
51024
51044
51078
51105
51116
51187
51189
51193
51217
51252
51290
51302
51324
51328
51467
51481
51497
51500
51512
51522
51527
51529
51588
51620
51625
51651
51657
51699
51721
51726
51748
51808
51832
51875
51876
51898
51902
51913
51918
52034
52085
52092
52145
52166
52188
52193
52198
52233
52261
52292
52298
52311
52341
52365
52404
52449
52508
52521
52590
52620
52625
52657
52707
52759
52848
52893
52894
52904
52924
52939
52984
52991
53033
53038
53121
53126
53156
53158
53190
53222
53257
53268
53284
53303
53342
53343
53344
53369
53378
53403
53424
53426
53457
53485
53504
53512
53530
53548
53637
53645
53649
53675
53691
53705
53762
53800
53801
53840
53846
53859
53919
53923
53939
53953
53974
53982
54120
54132
54159
54177
54184
54186
54251
54253
54255
54261
54293
54379
54395
54420
54422
54508
54527
54537
54557
54585
54590
54593
54613
54616
54649
54656
54706
54707
54728
54748
54756
54820
54831
54879
54882
54916
54963
54967
55081
55128
55143
55153
55157
55159
55193
55217
55231
55254
55268
55289
55292
55299
55311
55348
55429
55435
55438
55444
55463
55506
55512
55523
55525
55585
55594
55643
55678
55685
55711
55717
55728
55729
55744
55787
55791
55816
55836
55905
55923
55931
55945
55947
55983
56060
56087
56120
56147
56171
56179
56255
56266
56280
56298
56306
56333
56374
56387
56399
56424
56446
56451
56485
56517
56526
56550
56577
56591
56611
56633
56709
56730
56747
56749
56780
56817
56820
56837
56840
56907
56944
56945
56949
56984
57024
57048
57054
57056
57156
57167
57227
57254
57255
57323
57324
57370
57396
57398
57411
57430
57432
57434
57444
57463
57479
57512
57520
57570
57595
57653
57691
57699
57712
57728
57745
57749
57756
57766
57774
57798
57808
57836
57871
57875
57880
57909
57980
57994
58038
58075
58078
58082
58143
58185
58201
58261
58301
58312
58360
58396
58458
58497
58507
58524
58539
58599
58616
58639
58688
58730
58734
58751
58753
58766
58847
58859
58894
58895
58917
58937
58984
58985
59059
59060
59066
59078
59115
59141
59189
59198
59227
59250
59286
59320
59329
59378
59383
59410
59411
59424
59467
59482
59528
59569
59572
59677
59692
59718
59741
59762
59828
59855
59890
59896
59965
59995
60029
60071
60194
60212
60226
60232
60245
60246
60267
60273
60280
60286
60290
60316
60331
60355
60369
60387
60391
60397
60401
60428
60446
60450
60470
60504
60512
60531
60574
60575
60602
60607
60658
60668
60687
60694
60702
60781
60810
60858
60927
61077
61078
61117
61178
61180
61184
61188
61192
61193
61197
61264
61317
61351
61352
61358
61364
61368
61371
61435
61460
61479
61482
61491
61535
61586
61617
61688
61745
61763
61806
61837
61862
61869
61878
61885
61895
61911
61949
61952
61955
61965
61992
62035
62075
62097
62115
62117
62119
62130
62134
62135
62143
62151
62234
62249
62293
62298
62392
62401
62436
62438
62563
62585
62614
62644
62687
62724
62756
62811
62813
62834
62840
62948
62974
63012
63013
63057
63092
63205
63227
63294
63304
63368
63391
63621
63633
63709
63726
63773
63790
63805
63816
63826
63997
64006
64042
64075
64132
64134
64155
64157
64182
64195
64239
64295
64313
64331
64336
64359
64362
64375
64391
64395
64399
64408
64445
64570
64600
64658
64696
64716
64730
64821
64833
64863
64869
64876
64887
64962
64977
65054
65112
65136
65152
65252
65311
65411
65450
65474
65502
65524
65575
65601
65607
65684
65692
65705
65818
65823
65824
65835
65844
65889
65893
65899
65902
65905
65923
65924
65940
65966
65990
65998
66034
66043
66044
66045
66061
66079
66100
66111
66119
66141
66163
66170
66208
66229
66286
66289
66307
66324
66330
66419
66438
66468
66496
66510
66513
66537
66550
66555
66559
66563
66584
66604
66620
66621
66642
66681
66717
66799
66885
66887
66902
66904
66926
66945
66993
67014
67025
67042
67071
67184
67186
67198
67244
67257
67313
67327
67328
67384
67412
67438
67440
67448
67465
67474
67546
67559
67561
67592
67632
67639
67654
67669
67679
67704
67709
67714
67767
67784
67785
67834
67881
67945
68003
68037
68041
68043
68045
68087
68105
68165
68226
68280
68283
68304
68345
68365
68407
68408
68411
68433
68476
68507
68524
68535
68567
68568
68621
68626
68672
68700
68733
68738
68781
68788
68810
68853
68873
68892
68895
68956
69018
69050
69077
69104
69192
69211
69264
69299
69361
69371
69393
69405
69412
69436
69438
69521
69597
69618
69628
69659
69665
69709
69710
69728
69756
69770
69789
69793
69851
69891
69905
69920
69926
69993
70046
70049
70074
70104
70160
70275
70337
70358
70397
70458
70479
70495
70507
70563
70579
70678
70679
70688
70691
70776
70778
70841
70896
70915
70927
71026
71046
71056
71072
71247
71298
71308
71331
71345
71349
71370
71447
71479
71492
71497
71512
71551
71656
71686
71738
71770
71774
71840
71861
71876
71903
71924
71939
71959
72071
72091
72120
72122
72128
72129
72138
72171
72213
72234
72240
72272
72341
72392
72413
72442
72479
72496
72532
72533
72541
72563
72602
72605
72624
72716
72729
72743
72780
72859
72891
72920
72931
72952
72962
72998
73020
73054
73078
73091
73096
73113
73124
73136
73174
73180
73183
73206
73212
73228
73261
73458
73462
73536
73544
73560
73580
73589
73638
73660
73667
73675
73802
73825
73868
73897
73902
73916
73922
73923
74006
74039
74041
74056
74069
74079
74087
74104
74128
74182
74293
74358
74398
74482
74525
74556
74591
74601
74626
74694
74751
74797
74868
74888
74929
74952
74959
74985
75029
75070
75150
75185
75227
75238
75295
75317
75331
75339
75371
75494
75527
75653
75658
75693
75748
75771
75800
75802
75838
75905
75918
76005
76008
76014
76063
76089
76142
76149
76151
76159
76199
76312
76401
76436
76597
76616
76640
76650
76653
76670
76680
76735
76773
76780
76837
76941
76952
76966
76990
77009
77013
77019
77031
77057
77140
77142
77171
77183
77186
77236
77241
77290
77311
77349
77439
77440
77470
77555
77602
77626
77660
77710
77721
77750
77774
77851
77887
77945
78020
78106
78230
78276
78320
78342
78352
78358
78366
78367
78414
78446
78458
78534
78587
78645
78669
78683
78695
78724
78751
78823
78830
78866
78885
78898
78901
78944
78949
78956
78978
78997
78998
79050
79104
79147
79161
79167
79174
79342
79376
79404
79408
79428
79441
79493
79494
79497
79573
79596
79597
79621
79626
79701
79707
79709
79780
79795
79840
79893
79938
79997
80008
80018
80025
80057
80060
80084
80131
80246
80269
80330
80345
80354
80358
80363
80438
80445
80464
80465
80513
80523
80534
80544
80557
80559
80606
80610
80655
80710
80736
80797
80947
81010
81099
81146
81158
81321
81374
81376
81413
81422
81429
81475
81476
81506
81541
81676
81727
81798
81809
81828
81873
81921
81937
81972
82064
82105
82156
82173
82178
82249
82286
82318
82324
82345
82377
82407
82455
82555
82569
82570
82589
82593
82601
82604
82628
82630
82686
82732
82740
82741
82761
82774
82808
82812
82889
82892
82943
82956
83084
83133
83208
83239
83245
83246
83312
83317
83437
83446
83485
83487
83500
83501
83603
83638
83671
83676
83697
83698
83739
83823
83848
83861
83867
83956
83971
84010
84037
84062
84077
84079
84095
84106
84120
84150
84219
84247
84289
84293
84294
84311
84333
84418
84450
84545
84554
84625
84664
84665
84671
84673
84690
84691
84785
84799
84824
84846
84853
84877
84878
84919
84933
84974
85048
85086
85105
85154
85183
85197
85207
85210
85243
85266
85269
85344
85433
85450
85471
85525
85527
85587
85592
85644
85723
85724
85886
85933
85973
86055
86136
86145
86167
86169
86229
86270
86274
86334
86338
86370
86372
86387
86416
86442
86447
86454
86472
86538
86541
86543
86560
86587
86615
86719
86764
86790
86851
86883
86914
86923
86957
86967
87033
87079
87101
87128
87143
87176
87178
87189
87190
87244
87246
87309
87343
87370
87401
87419
87433
87471
87522
87554
87643
87653
87673
87701
87706
87709
87729
87736
87748
87755
87760
87801
87814
87842
87886
87956
88004
88040
88042
88092
88106
88128
88130
88298
88304
88308
88342
88352
88357
88383
88478
88480
88512
88534
88584
88592
88616
88643
88655
88660
88670
88683
88764
88807
88824
88826
88855
88885
88919
88936
88943
88986
89002
89009
89171
89176
89231
89281
89298
89375
89403
89426
89432
89455
89456
89506
89538
89561
89653
89710
89720
89729
89742
89755
89796
89802
89845
90011
90012
90029
90043
90048
90092
90096
90177
90189
90222
90323
90358
90370
90427
90454
90465
90494
90524
90543
90557
90589
90612
90629
90645
90651
90686
90691
90785
90800
90833
90884
90943
90976
90979
91026
91027
91066
91130
91156
91168
91190
91217
91363
91405
91452
91458
91464
91465
91478
91489
91531
91566
91597
91647
91720
91770
91786
91810
91848
91850
91865
91867
91962
91997
92184
92235
92239
92415
92425
92463
92536
92580
92639
92650
92661
92717
92727
92756
92762
92926
92943
92967
92982
92991
92995
93001
93007
93064
93201
93206
93343
93347
93461
93467
93526
93573
93602
93610
93622
93657
93658
93677
93711
93738
93767
93819
93827
94080
94126
94212
94289
94300
94347
94348
94350
94368
94381
94396
94408
94440
94586
94631
94652
94734
94751
94754
94787
94821
94824
94832
94845
94848
94881
94920
94943
95085
95111
95140
95179
95218
95260
95334
95340
95361
95381
95398
95485
95497
95519
95574
95623
95651
95727
95885
95985
95991
96134
96169
96194
96247
96248
96258
96485
97031
97783
107731
131172
149753
151380
152650
154352
154491
154642
154738
154849
154876
156716
156993
157364
157526
157677
157775
158072
158947
158969
159291
160446
160933
161058
161371
161830
161847
161931
162030
162080
162973
163729
164891
165242
166180
166522
166594
167173
167223
167863
168001
168673
169042
170582
171227
171318
171454
171579
171629
173574
174090
174395
174534
174945
175263
175392
175726
175941
176686
177036
177097
177130
177218
177355
177461
177647
177963
178103
178464
178466
178620
179436
179666
179742
179807
179820
180054
180471
180995
181162
181464
182021
182058
182220
182262
182531
183060
183447
183882
183963
184130
184284
184474
184976
185100
185316
185396
185501
187032
187113
187430
187451
187795
187796
188051
188091
188155
188444
188716
189104
189227
189674
189813
189852
189867
189918
190000
190523
190634
190948
191161
191241
191667
191703
191775
191902
192220
192298
192638
192709
192811
192848
192959
192988
193591
193798
194196
194454
194956
195200
195695
196057
196208
196306
196349
196932
196944
197389
197745
198638
198855
198980
199107
199488
199556
199564
199916
201036
201147
201168
201226
201854
202326
203241
203849
204536
204617
205419
206880
206952
207862
207865
208162
208288
208489
208651
208665
209181
209702
209754
210977
211545
212151
212223
213017
213974
215579
216387
216577
218218
218401
218940
219755
220723
220751
220921
221092
221115
221317
221991
222796
222898
222957
223178
224716
224717
226224
226276
226659
227493
227783
227916
227920
228024
228368
229769
229844
231158
232177
233221
233464
233876
233969
235190
236354
236497
236927
237321
237409
237561
237805
238523
238572
238617
241168
241213
241411
241489
242850
242997
243941
243945
245002
245103
245191
245376
245526
245586
246024
246746
248068
168
934
1096
1229
1337
1424
1504
1561
1636
1664
1863
1915
2035
2040
2055
2111
2165
2178
2292
2317
2322
2351
2352
2409
2520
2668
2690
2749
2755
2780
2828
2888
2890
2936
2981
3093
3098
3169
3230
3239
3263
3265
3338
3441
3448
3656
3735
3849
3857
3863
3887
3917
3933
3970
4049
4096
4112
4123
4124
4134
4155
4172
4176
4224
4248
4264
4316
4328
4357
4397
4419
4423
4453
4509
4510
4548
4579
4593
4641
4647
4656
4658
4662
4665
4737
4940
4948
4986
4994
5023
5116
5163
5179
5195
5212
5279
5295
5387
5422
5459
5541
5547
5581
5612
5623
5641
5662
5784
5813
5867
5928
5959
5967
5993
6005
6024
6034
6036
6079
6080
6135
6166
6181
6200
6225
6252
6271
6275
6303
6315
6376
6400
6425
6446
6540
6547
6562
6573
6578
6634
6727
6733
6812
6814
6838
6873
6917
6921
6950
6968
7020
7085
7177
7201
7202
7226
7266
7274
7281
7292
7303
7342
7348
7360
7433
7453
7502
7540
7548
7582
7583
7661
7682
7709
7730
7758
7765
7808
7816
7847
7871
7931
7950
7970
7985
7998
8062
8071
8133
8143
8171
8182
8188
8199
8235
8237
8249
8257
8354
8360
8372
8402
8447
8498
8501
8503
8627
8729
8784
8810
8830
8835
8840
8853
8861
8876
8894
8923
8983
9016
9018
9047
9086
9096
9169
9224
9228
9275
9308
9324
9330
9360
9380
9387
9445
9506
9551
9560
9565
9572
9577
9589
9701
9713
9748
9810
9811
9818
9913
10021
10030
10069
10081
10101
10110
10163
10212
10340
10391
10455
10461
10518
10537
10554
10563
10581
10587
10641
10700
10766
10810
10818
10881
10884
10915
10918
10933
10965
10975
10982
11015
11043
11060
11066
11115
11155
11237
11247
11251
11277
11286
11381
11391
11401
11430
11456
11462
11517
11539
11701
11809
11844
11845
11908
11923
11924
11935
11966
11972
11977
11978
11995
12002
12030
12099
12121
12157
12214
12227
12229
12246
12248
12249
12257
12271
12286
12308
12341
12359
12428
12429
12445
12471
12476
12488
12517
12542
12551
12579
12615
12627
12751
12769
12799
12804
12809
12812
12824
12898
12903
12920
13009
13028
13080
13084
13111
13115
13116
13120
13132
13138
13298
13304
13328
13330
13331
13339
13350
13368
13443
13474
13500
13546
13558
13616
13622
13641
13643
13645
13672
13689
13705
13816
13833
13845
13876
13897
13898
13950
13966
13993
13995
14038
14074
14116
14146
14151
14168
14205
14223
14232
14237
14277
14279
14302
14351
14421
14470
14489
14496
14500
14514
14517
14533
14543
14549
14568
14613
14678
14679
14704
14707
14818
14843
14889
14891
14911
14915
14922
14924
14962
14967
14968
14982
14987
14996
15071
15085
15128
15140
15146
15151
15165
15183
15209
15225
15268
15295
15296
15315
15322
15364
15378
15393
15416
15426
15515
15520
15524
15563
15587
15607
15610
15633
15663
15672
15683
15692
15721
15777
15801
15817
15874
15923
15948
15970
16004
16007
16082
16083
16091
16094
16099
16107
16114
16116
16173
16178
16230
16233
16280
16294
16357
16369
16389
16409
16416
16467
16506
16509
16530
16533
16552
16554
16584
16596
16628
16704
16706
16723
16727
16731
16755
16762
16776
16781
16814
16832
16841
16880
16903
16908
16922
16945
16994
17003
17022
17024
17029
17042
17057
17075
17082
17091
17115
17134
17136
17143
17146
17181
17187
17245
17264
17267
17287
17309
17328
17335
17336
17348
17354
17410
17432
17442
17452
17470
17496
17508
17579
17620
17633
17637
17689
17705
17767
17796
17804
17813
17821
17827
17837
17870
17923
17930
17945
17993
18027
18063
18074
18088
18122
18150
18187
18210
18266
18315
18316
18321
18332
18360
18386
18387
18397
18406
18431
18438
18450
18452
18471
18480
18506
18587
18621
18627
18674
18775
18809
18822
18840
18845
18856
18883
18893
18896
18900
18901
18908
18928
18932
18956
18972
18978
18992
19003
19005
19010
19028
19030
19035
19078
19103
19157
19196
19204
19246
19265
19270
19274
19283
19292
19293
19368
19371
19451
19471
19520
19544
19566
19585
19616
19683
19687
19696
19700
19718
19752
19796
19803
19807
19813
19821
19843
19847
19851
19858
19861
19920
20013
20036
20071
20085
20120
20127
20129
20162
20164
20175
20190
20203
20244
20356
20363
20396
20498
20514
20563
20577
20586
20639
20649
20664
20692
20694
20701
20740
20763
20765
20805
20837
20844
20850
20854
20892
20911
20935
20940
20963
20976
20992
21002
21011
21022
21036
21040
21056
21069
21073
21074
21081
21089
21100
21148
21150
21173
21185
21222
21233
21234
21251
21310
21374
21375
21389
21392
21440
21520
21533
21554
21557
21602
21608
21633
21657
21668
21676
21689
21783
21784
21799
21811
21834
21854
21863
21882
21884
21887
21912
21913
21923
21934
21940
21965
21967
21968
22001
22003
22022
22023
22071
22124
22129
22130
22142
22187
22205
22275
22277
22297
22354
22356
22395
22402
22406
22455
22459
22477
22486
22501
22515
22526
22559
22574
22586
22604
22606
22662
22679
22706
22727
22733
22738
22766
22772
22774
22782
22788
22822
22839
22855
22870
22901
22917
22924
22925
22945
22946
23030
23037
23074
23077
23081
23093
23135
23140
23150
23155
23169
23177
23189
23217
23239
23254
23275
23305
23352
23355
23375
23381
23401
23423
23430
23439
23445
23454
23468
23471
23477
23482
23509
23580
23594
23603
23609
23665
23723
23727
23753
23794
23844
23846
23904
23911
23952
23966
23987
23994
24006
24024
24041
24057
24063
24115
24162
24210
24229
24240
24267
24282
24291
24309
24310
24312
24322
24387
24388
24415
24422
24462
24471
24478
24487
24495
24662
24665
24668
24686
24687
24728
24744
24745
24766
24770
24836
24857
24875
24878
24892
24902
24943
24949
24954
24962
24970
25049
25060
25061
25087
25108
25142
25156
25189
25214
25220
25232
25260
25261
25280
25282
25310
25339
25357
25382
25406
25413
25433
25474
25510
25513
25554
25585
25621
25631
25679
25696
25737
25740
25811
25814
25826
25845
25868
25887
25888
25985
25993
26007
26015
26018
26024
26039
26040
26053
26095
26100
26106
26112
26187
26188
26214
26224
26229
26236
26278
26287
26292
26329
26362
26379
26386
26409
26420
26434
26439
26470
26509
26511
26520
26536
26537
26583
26591
26593
26615
26636
26639
26645
26654
26664
26671
26711
26716
26722
26739
26765
26766
26779
26783
26818
26821
26826
26842
26846
26901
26914
26932
26933
26947
26963
26970
26990
27002
27006
27021
27038
27065
27080
27109
27172
27209
27254
27256
27268
27271
27275
27277
27280
27299
27310
27312
27324
27330
27373
27375
27381
27434
27470
27475
27478
27486
27494
27498
27513
27523
27530
27534
27540
27553
27575
27581
27590
27605
27609
27613
27621
27635
27651
27652
27691
27719
27745
27758
27794
27818
27849
27860
27872
27899
27955
27957
27985
27996
28022
28038
28054
28075
28086
28115
28130
28141
28166
28183
28184
28219
28221
28265
28296
28313
28350
28362
28381
28402
28410
28422
28425
28433
28436
28451
28472
28482
28487
28552
28567
28579
28667
28668
28697
28714
28731
28771
28805
28820
28822
28849
28872
28896
28910
28917
28974
28985
29056
29062
29069
29123
29138
29144
29146
29153
29154
29155
29159
29169
29173
29188
29212
29213
29238
29244
29253
29255
29264
29278
29279
29289
29300
29302
29365
29382
29386
29398
29420
29424
29425
29441
29476
29525
29561
29593
29613
29644
29653
29655
29682
29704
29726
29747
29759
29774
29789
29794
29829
29830
29870
29871
29875
29914
29916
29924
29969
29982
29983
29985
30011
30015
30028
30030
30071
30095
30191
30193
30240
30250
30263
30284
30298
30336
30342
30352
30370
30413
30414
30442
30483
30505
30538
30594
30606
30608
30633
30676
30691
30723
30727
30749
30750
30759
30763
30802
30815
30822
30873
30913
30927
30949
30955
30962
30998
31027
31042
31070
31075
31129
31135
31143
31157
31181
31191
31220
31221
31225
31239
31240
31247
31268
31272
31297
31306
31311
31327
31366
31368
31379
31381
31424
31427
31484
31494
31536
31545
31563
31566
31593
31599
31604
31611
31624
31639
31647
31652
31655
31656
31728
31744
31745
31763
31786
31798
31801
31822
31825
31876
31896
31900
31920
31921
31929
31936
31967
31971
32004
32019
32023
32084
32100
32119
32130
32131
32138
32141
32142
32153
32193
32214
32231
32233
32298
32299
32305
32309
32343
32357
32368
32372
32392
32395
32398
32416
32427
32428
32442
32476
32479
32482
32505
32531
32545
32556
32562
32581
32614
32619
32623
32624
32640
32660
32661
32696
32708
32721
32727
32760
32790
32795
32799
32829
32851
32859
32885
32886
32899
32905
32945
32980
33007
33071
33072
33085
33152
33195
33215
33226
33233
33239
33276
33281
33306
33333
33382
33448
33455
33466
33481
33483
33486
33499
33507
33614
33647
33654
33656
33700
33714
33719
33743
33759
33773
33781
33812
33827
33837
33857
33860
33862
33871
33872
33910
33918
33934
33957
33959
33960
33965
33980
33985
34029
34046
34052
34091
34113
34151
34174
34180
34201
34252
34255
34257
34266
34333
34338
34371
34378
34466
34489
34506
34510
34530
34538
34555
34560
34573
34581
34594
34612
34644
34683
34697
34726
34727
34750
34775
34831
34834
34847
34861
34873
34877
34901
34916
34938
35004
35011
35034
35039
35051
35097
35108
35130
35159
35167
35197
35205
35216
35255
35271
35289
35326
35336
35337
35365
35370
35395
35417
35478
35509
35529
35530
35533
35534
35595
35612
35614
35675
35682
35761
35776
35779
35801
35811
35834
35853
35858
35864
35889
35913
35947
35969
35992
35994
35999
36004
36010
36013
36015
36018
36062
36071
36088
36105
36108
36117
36147
36157
36169
36185
36187
36194
36226
36250
36261
36288
36296
36327
36328
36347
36358
36385
36399
36421
36436
36443
36478
36494
36515
36546
36555
36587
36592
36597
36612
36633
36637
36671
36675
36681
36727
36762
36766
36776
36808
36862
36894
36947
37006
37047
37142
37147
37167
37174
37178
37190
37197
37211
37243
37308
37362
37366
37384
37427
37451
37467
37485
37494
37586
37596
37619
37640
37659
37669
37695
37696
37703
37741
37744
37774
37801
37812
37821
37836
37859
37876
37896
37907
37955
37965
37969
37984
37994
37995
38019
38041
38062
38079
38132
38133
38134
38177
38191
38231
38283
38308
38362
38364
38381
38384
38435
38446
38456
38457
38476
38525
38531
38608
38633
38647
38675
38683
38692
38699
38722
38731
38737
38769
38775
38817
38835
38836
38854
38863
38869
38872
38873
38876
38877
38880
38893
38898
38906
38915
38936
38938
39005
39030
39031
39039
39047
39066
39070
39075
39098
39113
39119
39123
39130
39146
39240
39245
39246
39310
39330
39337
39373
39382
39383
39413
39423
39448
39454
39474
39498
39504
39545
39556
39579
39603
39618
39645
39655
39680
39681
39692
39712
39716
39726
39737
39749
39764
39766
39785
39796
39818
39879
39889
39894
39918
39934
39944
39964
39975
40000
40031
40036
40046
40062
40072
40097
40127
40163
40165
40191
40215
40236
40260
40268
40298
40351
40390
40404
40405
40406
40416
40469
40471
40561
40612
40647
40649
40664
40667
40699
40733
40769
40798
40872
40894
40899
40907
40913
40956
40960
40964
41064
41067
41080
41097
41100
41106
41142
41157
41166
41186
41202
41220
41238
41292
41302
41325
41369
41377
41381
41396
41441
41504
41537
41565
41581
41592
41642
41645
41654
41666
41682
41693
41698
41712
41735
41738
41750
41768
41802
41804
41814
41855
41869
41929
41953
41975
41982
41998
42002
42006
42007
42046
42056
42067
42091
42092
42093
42098
42142
42168
42197
42227
42232
42242
42254
42274
42286
42299
42303
42305
42322
42324
42336
42368
42381
42406
42499
42513
42521
42570
42592
42606
42634
42638
42654
42658
42669
42690
42742
42782
42798
42803
42866
42889
42896
42916
42930
42960
42964
42997
43005
43009
43033
43043
43079
43090
43104
43124
43131
43132
43184
43186
43191
43198
43243
43258
43266
43280
43291
43320
43330
43334
43423
43428
43450
43454
43484
43488
43507
43510
43513
43518
43535
43548
43582
43583
43628
43660
43692
43694
43700
43726
43737
43770
43771
43781
43809
43834
43852
43864
43872
43885
43892
43894
43904
43915
43938
43969
43998
44009
44021
44022
44030
44035
44052
44053
44056
44080
44094
44129
44137
44166
44169
44179
44181
44213
44223
44254
44264
44292
44302
44312
44318
44331
44369
44370
44390
44411
44441
44443
44467
44471
44533
44576
44592
44628
44639
44668
44741
44742
44746
44756
44764
44811
44826
44827
44860
44887
44950
44952
44991
45002
45009
45015
45084
45142
45171
45188
45200
45202
45226
45240
45266
45275
45287
45296
45303
45305
45317
45334
45353
45368
45373
45395
45436
45440
45452
45453
45492
45529
45551
45557
45566
45574
45584
45592
45599
45667
45681
45684
45713
45728
45732
45746
45750
45751
45765
45827
45853
45855
45858
45866
45872
45881
45913
45920
45928
45932
45947
45960
46007
46046
46055
46073
46096
46112
46171
46184
46192
46221
46227
46270
46338
46344
46357
46365
46376
46421
46427
46437
46441
46443
46494
46534
46565
46586
46596
46619
46622
46633
46642
46664
46665
46670
46727
46731
46742
46766
46795
46802
46818
46830
46873
46913
46916
46940
46945
46955
46973
46977
46978
46980
47000
47022
47063
47068
47090
47101
47106
47111
47130
47153
47162
47182
47187
47191
47192
47238
47240
47251
47293
47294
47300
47309
47313
47350
47358
47363
47377
47404
47437
47461
47463
47482
47495
47598
47607
47612
47625
47626
47648
47649
47690
47697
47700
47701
47729
47753
47769
47850
47851
47860
47868
47900
47901
47925
47936
47963
48004
48006
48025
48029
48030
48063
48069
48095
48101
48103
48118
48128
48169
48175
48181
48193
48204
48206
48263
48270
48289
48296
48307
48324
48339
48340
48359
48369
48374
48379
48419
48459
48481
48492
48504
48510
48552
48576
48624
48629
48650
48652
48655
48657
48658
48711
48720
48728
48740
48757
48766
48767
48805
48889
48910
48942
48955
48964
48970
49104
49114
49148
49168
49211
49231
49256
49272
49280
49283
49297
49303
49342
49377
49383
49400
49401
49432
49455
49459
49492
49501
49512
49515
49523
49531
49537
49540
49569
49591
49618
49622
49638
49667
49690
49747
49805
49811
49881
49884
49890
49892
49902
49907
49909
49928
49929
49975
49978
49984
49995
50026
50065
50067
50076
50095
50119
50174
50203
50210
50216
50231
50232
50251
50254
50258
50272
50315
50321
50341
50397
50407
50440
50446
50453
50494
50503
50511
50579
50661
50675
50681
50686
50717
50742
50749
50760
50776
50779
50809
50830
50835
50836
50863
50879
50883
50901
50912
50923
50934
50952
50953
50955
50992
50995
51002
51006
51013
51081
51093
51104
51129
51133
51134
51142
51145
51157
51161
51197
51199
51236
51248
51291
51301
51346
51348
51376
51395
51396
51416
51439
51441
51443
51459
51461
51469
51477
51483
51536
51573
51582
51603
51622
51626
51641
51648
51714
51717
51749
51756
51765
51775
51812
51847
51886
51893
51942
51943
51994
52043
52068
52072
52089
52093
52129
52135
52158
52173
52181
52182
52217
52223
52230
52254
52262
52264
52270
52272
52301
52303
52307
52315
52327
52342
52347
52367
52380
52396
52417
52440
52442
52456
52462
52468
52483
52494
52497
52503
52518
52531
52548
52556
52574
52597
52608
52617
52634
52659
52661
52666
52684
52690
52724
52735
52753
52775
52777
52790
52793
52815
52822
52824
52878
52891
52905
52938
52945
52956
52968
53010
53019
53040
53072
53082
53084
53099
53164
53170
53181
53208
53209
53231
53244
53258
53278
53290
53292
53309
53321
53323
53340
53396
53406
53441
53442
53444
53463
53464
53492
53495
53499
53510
53515
53525
53550
53566
53578
53598
53607
53653
53672
53681
53692
53710
53714
53725
53733
53744
53754
53823
53856
53868
53885
53898
53962
53963
53988
53998
54042
54065
54079
54091
54093
54108
54152
54209
54213
54221
54238
54257
54264
54376
54384
54393
54398
54399
54424
54440
54445
54497
54521
54578
54579
54639
54641
54680
54681
54692
54700
54740
54745
54791
54811
54838
54858
54872
54978
54985
55015
55021
55067
55077
55094
55123
55145
55147
55148
55199
55201
55216
55219
55241
55246
55252
55298
55322
55332
55336
55337
55351
55363
55382
55406
55410
55415
55427
55436
55445
55456
55513
55518
55564
55586
55612
55647
55660
55670
55703
55723
55742
55748
55768
55774
55782
55783
55789
55821
55842
55869
55921
55922
55925
55929
55949
55981
55984
56003
56010
56011
56018
56037
56080
56091
56096
56114
56130
56132
56198
56267
56285
56289
56330
56340
56356
56369
56403
56489
56501
56513
56535
56598
56605
56665
56679
56681
56687
56705
56743
56745
56757
56815
56851
56852
56877
56892
56898
56919
56923
56946
56994
56999
57018
57060
57068
57074
57118
57123
57124
57126
57168
57174
57177
57201
57207
57212
57234
57269
57294
57359
57388
57407
57419
57438
57456
57464
57497
57505
57517
57538
57547
57592
57603
57604
57624
57628
57642
57643
57662
57677
57688
57698
57788
57790
57807
57819
57834
57851
57854
57946
57990
57993
58022
58043
58048
58085
58100
58103
58111
58123
58169
58203
58242
58259
58302
58332
58335
58351
58363
58391
58394
58399
58405
58409
58419
58425
58462
58483
58487
58504
58522
58541
58565
58575
58611
58624
58721
58725
58726
58747
58754
58794
58802
58826
58861
58868
58916
58919
58945
58959
58986
59014
59026
59027
59052
59076
59079
59094
59217
59232
59245
59288
59312
59359
59367
59368
59398
59421
59470
59500
59508
59533
59549
59567
59583
59616
59628
59658
59688
59697
59701
59725
59780
59810
59812
59819
59832
59843
59846
59880
59884
59887
59899
59902
59918
59963
59977
59997
60066
60097
60105
60111
60133
60150
60192
60196
60200
60221
60241
60249
60258
60285
60291
60322
60342
60364
60435
60442
60445
60448
60451
60481
60521
60534
60549
60617
60622
60719
60784
60786
60792
60793
60799
60804
60817
60839
60891
60901
60926
60967
61007
61041
61050
61085
61092
61166
61194
61219
61251
61288
61294
61305
61341
61346
61355
61373
61374
61379
61387
61394
61407
61412
61413
61415
61457
61471
61593
61633
61652
61720
61738
61742
61759
61797
61803
61816
61857
61876
61879
61889
61890
61898
61912
61929
61933
61941
61950
61953
61980
61987
62028
62044
62073
62078
62092
62109
62137
62141
62159
62180
62181
62208
62231
62247
62251
62265
62285
62292
62304
62306
62307
62316
62337
62347
62350
62378
62380
62390
62406
62443
62463
62466
62494
62512
62535
62542
62578
62602
62631
62658
62672
62675
62694
62699
62719
62725
62731
62782
62783
62789
62802
62833
62856
62877
62884
62927
62941
62963
62983
62987
62989
62990
62993
63037
63049
63085
63114
63130
63135
63138
63145
63149
63155
63161
63190
63208
63219
63249
63258
63265
63271
63277
63278
63360
63397
63414
63437
63454
63473
63483
63485
63508
63513
63516
63558
63579
63607
63614
63643
63688
63703
63755
63760
63772
63900
63913
63916
63940
63985
63998
64003
64010
64015
64022
64028
64055
64058
64074
64080
64089
64114
64117
64138
64143
64171
64230
64231
64235
64247
64297
64317
64344
64369
64383
64406
64420
64459
64473
64477
64495
64500
64556
64569
64578
64587
64606
64632
64637
64646
64737
64748
64749
64752
64765
64783
64839
64889
64916
64922
64926
64927
64976
64992
65024
65025
65040
65053
65068
65086
65114
65121
65126
65167
65213
65277
65298
65332
65341
65347
65359
65410
65413
65422
65436
65446
65455
65469
65482
65517
65546
65548
65580
65588
65591
65631
65648
65652
65697
65703
65719
65731
65742
65746
65772
65774
65785
65814
65815
65817
65819
65839
65886
65894
65914
65915
65964
66006
66014
66020
66041
66060
66069
66138
66155
66198
66214
66279
66314
66389
66405
66477
66480
66505
66516
66520
66526
66541
66546
66561
66568
66575
66582
66591
66593
66637
66691
66703
66714
66746
66753
66755
66761
66775
66783
66797
66798
66820
66821
66825
66828
66853
66858
66882
66892
66906
66908
66943
66946
66962
66975
66983
67010
67017
67034
67076
67101
67125
67142
67155
67169
67219
67261
67290
67338
67354
67379
67385
67398
67399
67407
67410
67425
67475
67485
67503
67505
67513
67535
67541
67554
67557
67560
67577
67584
67594
67596
67599
67602
67608
67642
67678
67680
67697
67747
67766
67806
67847
67868
67895
67897
67902
67919
67929
67953
67963
68004
68028
68029
68104
68153
68192
68207
68254
68308
68313
68314
68356
68358
68367
68370
68371
68375
68382
68422
68437
68484
68486
68490
68495
68536
68543
68545
68555
68588
68610
68725
68768
68773
68808
68851
68862
68863
68868
68875
68876
68898
68913
68923
68924
68929
68966
68969
68974
68985
68991
69013
69014
69033
69040
69052
69070
69079
69142
69153
69157
69164
69180
69182
69227
69286
69293
69321
69325
69337
69345
69355
69388
69417
69442
69467
69485
69496
69509
69514
69533
69578
69624
69634
69635
69641
69658
69685
69698
69730
69739
69765
69792
69797
69812
69856
69863
69868
69888
69907
69928
69942
69966
69968
69970
69994
70001
70012
70026
70055
70068
70085
70145
70185
70242
70250
70264
70292
70298
70304
70316
70322
70326
70343
70369
70382
70401
70416
70434
70435
70448
70452
70485
70509
70513
70521
70522
70526
70531
70547
70556
70604
70625
70641
70642
70655
70660
70674
70687
70694
70736
70743
70753
70761
70787
70810
70821
70831
70932
70933
70946
70967
70982
70984
70995
71007
71008
71017
71024
71033
71086
71110
71138
71165
71238
71249
71252
71262
71281
71300
71366
71380
71385
71395
71398
71399
71400
71404
71412
71424
71432
71436
71455
71477
71486
71502
71514
71527
71541
71545
71560
71590
71603
71608
71615
71630
71661
71663
71672
71681
71709
71727
71739
71743
71759
71795
71800
71836
71847
71867
71896
71927
71948
71952
71964
71973
71977
71979
72057
72072
72076
72082
72089
72096
72104
72110
72111
72114
72155
72170
72182
72186
72194
72217
72266
72283
72286
72288
72306
72312
72319
72362
72364
72391
72407
72460
72485
72499
72510
72519
72522
72550
72560
72571
72604
72612
72630
72635
72659
72680
72681
72711
72745
72761
72826
72887
72911
72914
72918
72925
72966
72975
72990
73013
73016
73026
73045
73050
73071
73076
73080
73085
73088
73089
73116
73162
73173
73186
73264
73300
73348
73377
73399
73416
73438
73441
73456
73463
73470
73475
73524
73557
73565
73585
73604
73637
73655
73674
73701
73706
73714
73745
73775
73779
73782
73809
73810
73830
73913
73930
73936
73946
73948
74027
74046
74052
74060
74063
74074
74080
74081
74089
74110
74133
74136
74152
74162
74168
74183
74190
74192
74202
74204
74206
74226
74294
74299
74322
74324
74332
74336
74434
74492
74537
74542
74612
74660
74681
74686
74689
74695
74706
74714
74717
74720
74779
74783
74799
74808
74811
74817
74821
74827
74865
74871
74874
74885
74894
74967
74972
74993
75010
75025
75027
75052
75088
75102
75120
75125
75128
75138
75143
75149
75152
75166
75172
75176
75184
75189
75195
75225
75235
75242
75245
75247
75262
75270
75299
75304
75396
75400
75408
75409
75412
75471
75473
75477
75512
75516
75520
75577
75587
75620
75629
75661
75678
75687
75719
75722
75731
75737
75746
75759
75774
75782
75787
75828
75855
75879
75911
75950
75964
76007
76029
76043
76047
76070
76098
76106
76120
76128
76205
76266
76275
76289
76308
76369
76385
76392
76431
76475
76511
76516
76561
76565
76704
76740
76750
76753
76771
76783
76786
76807
76830
76852
76887
76982
76992
77043
77092
77132
77139
77157
77158
77164
77180
77202
77207
77237
77305
77312
77324
77325
77338
77380
77413
77467
77481
77497
77498
77538
77541
77571
77585
77590
77598
77607
77621
77651
77658
77687
77708
77733
77739
77747
77773
77775
77784
77796
77806
77817
77821
77822
77830
77832
77865
77918
77939
77952
77953
77957
77961
77997
78034
78053
78061
78064
78067
78108
78110
78113
78132
78142
78176
78240
78264
78285
78286
78299
78323
78380
78386
78416
78453
78470
78482
78537
78541
78560
78573
78585
78588
78631
78632
78637
78649
78674
78711
78759
78776
78777
78802
78816
78851
78875
78961
78963
78968
78971
79002
79098
79131
79200
79202
79222
79233
79254
79261
79279
79297
79302
79353
79363
79369
79407
79411
79433
79439
79440
79446
79506
79557
79561
79601
79615
79660
79671
79693
79740
79744
79752
79754
79793
79799
79801
79819
79837
79869
79929
79966
79971
79993
79994
80004
80023
80036
80073
80103
80193
80195
80197
80210
80266
80289
80298
80317
80319
80357
80362
80384
80393
80418
80435
80439
80443
80449
80478
80500
80512
80560
80565
80570
80584
80602
80618
80630
80636
80688
80715
80720
80729
80732
80744
80761
80785
80812
80847
80867
80875
80881
80922
80939
80960
80963
80972
80973
80986
81033
81039
81055
81056
81063
81110
81113
81119
81131
81143
81153
81204
81221
81274
81288
81295
81363
81385
81402
81414
81433
81439
81448
81462
81472
81474
81496
81497
81503
81519
81572
81579
81592
81639
81642
81715
81736
81754
81757
81816
81857
81875
81911
81925
81966
81970
81980
81986
82010
82099
82116
82139
82184
82192
82195
82220
82223
82295
82305
82334
82348
82355
82420
82422
82442
82443
82452
82470
82484
82506
82513
82532
82544
82568
82573
82634
82640
82653
82661
82671
82685
82700
82708
82749
82759
82783
82799
82802
82814
82823
82827
82848
82851
82854
82867
82903
82964
83023
83029
83052
83065
83098
83117
83125
83143
83185
83225
83229
83248
83249
83262
83284
83289
83382
83394
83456
83486
83506
83510
83513
83534
83551
83554
83564
83575
83588
83616
83633
83636
83708
83721
83744
83750
83765
83775
83782
83790
83832
83928
83930
83932
83986
84027
84075
84092
84112
84169
84180
84192
84208
84230
84266
84270
84274
84296
84314
84326
84355
84364
84406
84416
84422
84430
84436
84445
84473
84485
84487
84489
84504
84510
84513
84520
84533
84535
84536
84556
84567
84648
84682
84687
84721
84748
84773
84788
84811
84815
84818
84837
84862
84889
84901
84909
84927
84931
84956
84959
84973
85000
85008
85028
85037
85080
85093
85101
85106
85118
85123
85128
85152
85211
85231
85238
85286
85288
85298
85346
85347
85357
85360
85366
85400
85413
85465
85467
85491
85504
85515
85550
85566
85606
85617
85628
85666
85675
85722
85739
85763
85775
85783
85794
85827
85868
85904
85924
85943
85946
85975
85991
85992
86001
86024
86034
86053
86091
86105
86118
86149
86209
86223
86244
86250
86254
86281
86286
86301
86354
86365
86369
86386
86396
86403
86424
86457
86463
86491
86520
86522
86523
86542
86544
86570
86576
86657
86742
86746
86750
86763
86767
86799
86801
86809
86829
86843
86951
86983
87013
87021
87052
87154
87155
87174
87197
87214
87221
87256
87261
87278
87354
87359
87364
87417
87421
87464
87473
87490
87491
87519
87544
87572
87582
87586
87624
87628
87630
87639
87650
87689
87707
87722
87725
87730
87746
87788
87799
87811
87829
87839
87840
87849
87855
87875
87883
87897
87899
87907
87923
87958
87964
87972
87975
87976
87984
87992
88032
88053
88076
88085
88133
88192
88249
88271
88281
88312
88348
88350
88353
88356
88369
88378
88379
88423
88435
88462
88464
88465
88489
88519
88529
88554
88613
88732
88739
88762
88775
88837
88842
88879
88891
88946
88971
88974
88977
88982
89046
89076
89079
89107
89121
89122
89123
89194
89199
89215
89258
89263
89305
89309
89324
89330
89333
89336
89338
89340
89356
89388
89392
89422
89485
89499
89519
89540
89549
89599
89619
89637
89647
89665
89741
89784
89850
89866
89874
89876
89931
89951
89982
90020
90061
90103
90126
90181
90195
90243
90248
90260
90277
90279
90328
90360
90372
90415
90419
90463
90464
90490
90601
90619
90624
90694
90730
90750
90751
90792
90795
90797
90872
90888
90922
90945
90947
91022
91032
91040
91063
91088
91136
91153
91203
91207
91255
91269
91276
91285
91306
91310
91319
91325
91340
91344
91356
91400
91437
91456
91494
91496
91501
91556
91577
91638
91646
91652
91676
91721
91753
91758
91824
91841
91853
91868
91929
91954
91976
92005
92007
92008
92039
92077
92087
92133
92151
92216
92227
92254
92273
92284
92312
92340
92373
92382
92387
92402
92481
92490
92542
92561
92585
92614
92622
92652
92658
92692
92716
92743
92748
92778
92797
92808
92821
92923
92937
92978
92989
93044
93046
93055
93062
93076
93080
93091
93203
93233
93234
93253
93260
93261
93288
93290
93300
93312
93346
93363
93369
93386
93393
93395
93408
93409
93435
93445
93459
93460
93472
93475
93520
93612
93637
93648
93653
93714
93721
93750
93765
93773
93780
93801
93833
93860
93902
93916
93965
93997
94002
94034
94056
94064
94070
94181
94186
94193
94203
94228
94247
94292
94306
94344
94353
94379
94385
94420
94425
94428
94433
94444
94458
94472
94474
94475
94487
94492
94493
94517
94528
94537
94544
94584
94607
94609
94618
94627
94701
94709
94735
94747
94823
94839
94851
94878
94882
94889
94892
94904
94934
94979
95001
95064
95122
95139
95242
95259
95277
95318
95328
95343
95346
95363
95386
95454
95468
95484
95529
95555
95569
95573
95628
95629
95657
95668
95680
95693
95724
95731
95750
95776
95782
95786
95795
95796
95804
95838
95846
95861
95862
95863
95864
95869
95875
95900
95901
95927
95943
95956
95965
95968
95970
96124
96224
96256
96298
96299
96338
96387
96463
96475
96484
96579
96632
96641
96707
96727
96777
96830
96865
96874
96969
97048
97053
97233
97315
97399
97482
97529
97611
97697
97784
97863
97987
98076
98102
98114
99002
99720
99741
99816
100391
100417
101416
101422
102932
107730
107799
107960
108055
108262
108438
127002
148288
148386
148683
148843
148853
148926
148933
148975
148976
149105
149171
149248
149250
149252
149535
149613
149655
149677
149751
149752
149754
149767
149819
149823
149968
150040
150042
150050
150091
150106
150199
150208
150226
150233
150271
150486
150669
150727
150854
150872
150953
151010
151081
151182
151329
151414
151471
151485
151505
151564
152031
152063
152262
152271
152274
152297
152400
152444
152454
152527
152627
153061
153065
153280
153287
153343
153374
153378
153421
153635
153874
153884
153928
153959
154170
154554
154863
154895
154908
154932
154949
154953
154967
154990
155119
155144
155246
155259
155282
155298
155475
155597
155613
155621
155628
155672
155925
155956
155999
156037
156054
156063
156243
156261
156447
156558
156859
157047
157470
157478
157517
157761
157975
157988
158179
158248
158738
158739
158771
158780
158783
158844
158856
159053
159173
159177
159179
159221
159276
159312
159377
159390
159406
159423
159581
159592
159718
159785
159815
159831
159834
159886
159944
160044
160058
160224
160227
160288
160544
160665
160742
160843
160845
160905
160955
161030
161040
161064
161108
161112
161207
161374
161398
161483
161741
161774
161814
161933
161940
162164
162281
162282
162306
162654
163053
163212
163231
163336
163401
163430
163803
164153
164270
164325
164840
164923
165025
165030
165031
165162
165196
165586
166028
166042
166087
166096
166144
166388
166544
166554
166917
167072
167395
168014
168118
168137
168726
168753
168845
168949
168956
168968
168984
169063
169141
169210
169231
169289
169347
169359
169404
169462
169507
169583
169614
169666
169697
169702
169724
169736
169752
169784
169961
170064
170127
170135
170147
170166
170451
170793
170835
170859
170890
171014
171254
171256
171280
171407
171413
171458
171520
171623
171674
171699
171794
171860
171861
171975
172221
172449
172484
172547
172781
173025
173124
173341
173351
173392
173396
173749
173768
173778
173808
173863
173889
174006
174036
174106
174135
174148
174161
174202
174260
174338
174423
174471
174506
174542
174695
174723
174785
174789
174975
175125
175126
175138
175180
175225
175291
175341
175397
175481
175570
175700
175945
176239
176302
176502
176524
176560
176588
176605
176703
176800
176814
176856
176906
176953
176985
177029
177125
177174
177188
177319
177649
177732
177754
177793
177928
177956
177985
178083
178091
178107
178126
178196
178361
178373
178442
178488
178599
178625
178641
178649
178675
178763
178795
178894
178956
178988
179138
179313
179367
179369
179398
179513
179604
179662
179670
179747
180023
180121
180188
180548
180603
180725
180731
180768
180787
180907
181339
181428
181563
181635
181649
181785
182036
182048
182090
182161
182174
182263
182317
182323
182339
182371
182380
182458
182523
182577
182742
182856
182877
182924
182953
183175
183304
183412
183509
183538
183571
183606
183649
183676
183807
183946
184168
184306
184343
184408
184410
184529
184627
184644
184835
184939
184973
185105
185238
185362
185461
185542
185850
186260
186363
186464
186525
186620
186720
186831
186848
186988
187151
187168
187216
187220
187301
187431
187524
187555
188023
188093
188184
188489
188498
188563
188605
188685
188806
188989
189066
189324
189349
189442
189469
189496
189543
189837
189904
190053
190104
190191
190193
190300
190311
190312
190431
190657
190694
190795
190804
191248
191280
191302
191420
191581
191677
191794
191795
191863
192091
192327
192406
192417
192582
192642
192694
192765
192914
193071
193387
193408
193706
193868
194080
194154
194210
194335
194456
194522
194636
194997
194999
195081
195090
195180
195296
195307
195345
195396
195423
195481
195576
195735
195788
195976
196457
196532
196693
196815
196864
197018
197162
197177
197196
197259
197288
197365
197407
197455
197475
197520
197538
197592
197719
197808
197811
197897
197960
198002
198096
198125
198241
198359
198437
198457
198470
198538
198873
198877
199348
199354
199386
199490
199587
200042
200091
200191
200248
200354
200362
200494
200507
200584
200619
200823
200911
201094
201127
201324
201474
201699
202238
202305
202308
202311
202573
202822
202824
203050
203073
203078
203089
203115
203165
203176
203544
203715
203761
203981
204019
204081
204669
204894
204928
205228
205384
205417
205497
205847
205915
205972
206043
206117
206201
206318
206404
206459
206629
206812
207083
207573
207775
207819
207944
207946
207999
208143
208232
208307
208455
208684
208877
209143
209187
209505
209618
209745
209987
210073
210100
210318
210681
210722
210905
210958
211085
211173
211197
211229
211364
211536
211648
211681
211719
211856
211882
211901
212033
212120
212191
212288
212393
212401
212410
212421
212433
212518
212523
212635
212687
213294
213414
213415
213718
213883
213887
213946
213981
213982
214132
214302
214336
214433
214521
214544
214550
214901
215159
215223
215231
215405
215675
215682
215891
216080
216432
216433
216495
216841
217148
217228
217230
217288
217302
217530
217554
218266
218733
218803
219002
219216
219229
219345
219508
219518
220372
220462
220492
220569
220686
220815
220843
220939
221016
221187
221265
221312
221523
221940
221990
222018
222147
222260
222266
222636
222640
222642
222680
222967
223479
223614
223978
224038
224188
224235
224265
224331
224431
224590
224648
224761
224997
225217
225352
225432
225762
225812
226025
226026
226136
226171
226392
226545
226760
227061
227128
227319
227342
227643
228257
228295
228475
228520
228612
228617
228620
228701
228804
228883
228906
228980
229116
229614
229710
229860
229982
230105
230171
230629
230786
230787
230908
231010
231092
231302
231627
231638
231677
231701
231974
232004
232364
232647
232735
232842
232888
233242
233622
233674
233963
234019
234145
234267
234353
234460
234920
235274
235647
235661
235945
236161
236290
236635
236736
236974
237232
237249
237358
237491
237494
237684
238060
238561
238704
238785
238830
239169
239342
239487
239774
239853
240009
240013
240016
240333
240675
240695
240826
240976
241076
241190
241249
241422
242049
242210
242332
243068
243262
243299
243350
243499
243728
243797
244089
244647
244991
245083
245302
245512
245684
245721
245858
246131
246283
246561
246569
246595
246969
247016
248058
161
164
546
964
990
1177
1232
1276
1398
1431
1450
1604
1621
1735
1800
2057
2092
2157
2245
2284
2289
2293
2375
2401
2415
2474
2489
2566
2593
2619
2633
2636
2650
2696
2710
2804
2859
2919
2941
2966
3029
3030
3304
3352
3419
3426
3483
3484
3548
3576
3582
3624
3630
3643
3657
3674
3698
3737
3777
3800
3819
3823
3824
3861
3862
3872
3909
3971
4018
4020
4070
4078
4116
4121
4256
4270
4295
4301
4305
4355
4365
4366
4383
4403
4407
4474
4477
4526
4544
4547
4643
4700
4707
4733
4753
4765
4768
4902
4905
4919
4932
4966
5017
5051
5060
5123
5133
5178
5229
5239
5240
5280
5325
5333
5360
5424
5440
5464
5505
5513
5592
5656
5664
5665
5729
5731
5765
5798
5809
5819
5849
5850
5866
5897
5898
5912
5913
5932
5977
5986
6035
6037
6050
6091
6143
6159
6240
6255
6288
6294
6312
6367
6412
6431
6445
6448
6460
6476
6485
6493
6541
6580
6598
6624
6630
6650
6674
6770
6785
6788
6815
6836
6930
6935
6954
7029
7083
7094
7097
7133
7140
7158
7168
7232
7237
7253
7269
7277
7311
7352
7358
7372
7384
7404
7405
7475
7507
7516
7536
7567
7603
7646
7656
7750
7754
7773
7775
7796
7804
7809
7843
7855
7864
7887
7903
7919
7925
7932
7988
7996
8004
8005
8054
8111
8195
8244
8252
8270
8285
8325
8329
8361
8408
8415
8455
8477
8500
8504
8514
8517
8528
8542
8560
8562
8604
8607
8620
8634
8649
8656
8664
8682
8738
8763
8768
8792
8799
8801
8881
8889
8912
9041
9044
9098
9102
9114
9120
9135
9145
9152
9161
9174
9199
9200
9203
9210
9211
9225
9245
9248
9270
9285
9289
9309
9338
9355
9377
9383
9407
9421
9429
9440
9470
9473
9492
9510
9511
9514
9517
9533
9588
9601
9604
9611
9619
9624
9629
9642
9664
9691
9704
9728
9820
9836
9837
9839
9860
9869
9877
9893
9894
9903
9910
9924
9926
9941
9961
9978
10011
10015
10025
10091
10115
10143
10145
10148
10150
10157
10161
10233
10385
10394
10397
10404
10408
10420
10428
10463
10475
10482
10489
10509
10531
10572
10576
10620
10647
10663
10679
10716
10722
10769
10770
10773
10777
10781
10784
10797
10805
10826
10827
10833
10858
10904
10905
10910
10914
10954
11010
11054
11067
11184
11186
11228
11283
11288
11335
11337
11345
11368
11375
11382
11385
11388
11423
11435
11458
11460
11471
11472
11476
11485
11487
11536
11577
11597
11599
11619
11621
11623
11624
11629
11647
11692
11711
11725
11812
11819
11828
11848
11854
11858
11865
11890
11922
11941
11952
11954
11996
12027
12032
12053
12061
12064
12093
12136
12159
12169
12181
12212
12233
12260
12279
12290
12320
12442
12458
12472
12511
12514
12531
12532
12576
12622
12632
12637
12676
12684
12685
12701
12708
12712
12715
12723
12728
12731
12738
12742
12759
12761
12763
12778
12781
12808
12848
12886
12902
12905
12957
12962
12988
13024
13029
13058
13071
13072
13091
13096
13100
13130
13133
13135
13148
13154
13182
13229
13231
13244
13245
13247
13309
13346
13355
13356
13377
13397
13400
13424
13431
13471
13487
13490
13491
13560
13570
13590
13592
13593
13604
13608
13633
13649
13680
13701
13703
13712
13714
13722
13729
13739
13743
13767
13785
13795
13803
13805
13835
13856
13877
13883
13886
13887
13890
13893
13921
13925
13978
13986
13989
14042
14054
14104
14113
14115
14139
14160
14188
14195
14209
14225
14286
14300
14321
14328
14399
14403
14404
14414
14417
14432
14483
14488
14495
14507
14528
14546
14558
14563
14612
14615
14618
14656
14667
14731
14740
14758
14767
14774
14780
14787
14797
14811
14820
14828
14829
14831
14839
14845
14851
14879
14939
14954
14961
14984
15056
15074
15082
15108
15133
15148
15166
15193
15201
15230
15242
15245
15261
15267
15284
15323
15336
15366
15367
15372
15386
15396
15420
15423
15453
15467
15470
15526
15549
15553
15597
15598
15636
15637
15669
15670
15687
15694
15718
15732
15747
15750
15764
15765
15786
15811
15832
15834
15848
15863
15870
15873
15877
15892
15935
15963
15976
15979
15986
15987
15994
16032
16131
16133
16139
16144
16147
16161
16176
16179
16193
16200
16225
16238
16254
16262
16315
16329
16333
16334
16354
16362
16372
16395
16399
16405
16414
16419
16423
16430
16438
16440
16444
16470
16511
16534
16557
16581
16582
16587
16589
16595
16635
16645
16651
16658
16664
16670
16671
16694
16697
16725
16736
16788
16818
16826
16833
16848
16857
16892
16902
16920
16960
16962
16976
16978
17008
17019
17020
17033
17036
17041
17054
17070
17071
17081
17125
17129
17179
17201
17203
17206
17207
17214
17215
17223
17230
17232
17240
17253
17259
17288
17296
17297
17323
17340
17363
17373
17381
17387
17391
17415
17446
17447
17511
17516
17558
17578
17582
17615
17631
17641
17646
17681
17684
17752
17766
17773
17798
17799
17809
17836
17847
17858
17876
17879
17886
17890
17892
17895
17912
17928
17936
17956
17964
17980
17985
18037
18058
18061
18073
18079
18103
18114
18137
18143
18144
18148
18165
18204
18220
18241
18242
18243
18269
18278
18297
18318
18374
18384
18391
18396
18400
18428
18446
18448
18456
18457
18467
18477
18478
18504
18512
18522
18538
18548
18558
18585
18595
18596
18635
18646
18654
18681
18703
18706
18718
18722
18727
18741
18742
18768
18793
18819
18853
18862
18881
18897
18940
18951
18965
18969
19021
19040
19045
19050
19059
19062
19064
19068
19069
19117
19147
19149
19153
19162
19164
19165
19179
19191
19202
19211
19227
19242
19252
19254
19264
19294
19309
19332
19351
19383
19395
19397
19403
19428
19429
19440
19453
19475
19488
19540
19549
19562
19575
19594
19605
19620
19634
19657
19676
19677
19694
19715
19717
19738
19749
19792
19802
19875
19884
19889
19890
19903
19914
19915
19924
19925
19931
19947
19965
19970
19971
19992
20014
20020
20024
20060
20096
20101
20107
20151
20158
20165
20184
20196
20212
20220
20232
20237
20267
20303
20316
20334
20336
20350
20380
20386
20403
20406
20411
20418
20442
20443
20492
20524
20534
20560
20562
20617
20665
20674
20690
20696
20702
20705
20715
20716
20725
20737
20739
20747
20757
20767
20779
20789
20840
20857
20862
20872
20878
20880
20902
20909
20919
20924
20946
20954
20964
20965
20988
20994
20995
21004
21023
21027
21045
21063
21064
21079
21082
21097
21123
21128
21141
21147
21156
21168
21203
21237
21248
21259
21263
21290
21346
21371
21380
21385
21407
21428
21434
21441
21446
21451
21456
21478
21494
21528
21577
21581
21588
21619
21622
21635
21678
21714
21735
21742
21763
21779
21801
21816
21819
21830
21831
21844
21857
21870
21896
21900
21909
21945
21951
21953
21961
21972
21983
21987
22002
22018
22059
22118
22128
22132
22135
22138
22139
22156
22196
22213
22214
22231
22255
22260
22300
22301
22315
22316
22329
22332
22341
22362
22363
22370
22378
22379
22383
22394
22413
22420
22473
22479
22488
22498
22500
22507
22517
22521
22525
22529
22563
22566
22581
22593
22594
22610
22612
22630
22641
22646
22664
22665
22671
22673
22675
22682
22683
22685
22689
22691
22692
22724
22725
22745
22768
22775
22813
22828
22832
22833
22867
22868
22874
22884
22909
22934
22937
22960
22964
22990
23011
23026
23029
23039
23043
23050
23051
23052
23055
23094
23108
23123
23153
23166
23171
23178
23182
23183
23193
23199
23203
23206
23208
23209
23218
23245
23260
23264
23272
23278
23303
23307
23341
23348
23369
23372
23413
23438
23441
23444
23452
23480
23489
23499
23503
23517
23536
23543
23575
23586
23597
23600
23601
23611
23630
23634
23637
23652
23679
23698
23715
23728
23730
23747
23749
23771
23773
23784
23785
23788
23820
23828
23848
23855
23862
23906
23926
23945
23948
23951
23963
23965
23969
23976
23980
23996
24007
24011
24033
24044
24066
24067
24069
24074
24081
24089
24119
24129
24130
24133
24140
24168
24171
24175
24201
24214
24220
24225
24233
24246
24255
24256
24300
24305
24319
24320
24325
24339
24348
24351
24357
24369
24381
24389
24397
24426
24429
24434
24436
24441
24450
24491
24540
24543
24564
24567
24576
24577
24593
24611
24620
24629
24663
24685
24710
24723
24783
24786
24789
24815
24817
24820
24829
24833
24841
24844
24886
24891
24935
24952
24965
24969
25001
25005
25010
25012
25023
25035
25036
25046
25055
25058
25066
25080
25086
25111
25127
25134
25136
25143
25144
25173
25182
25185
25193
25203
25218
25222
25245
25248
25249
25287
25340
25398
25399
25414
25418
25425
25426
25438
25445
25448
25462
25463
25495
25500
25540
25551
25556
25559
25571
25592
25615
25634
25638
25685
25704
25745
25757
25774
25781
25785
25788
25794
25796
25836
25839
25852
25862
25872
25890
25967
25972
25979
25996
26010
26013
26017
26026
26031
26045
26054
26073
26114
26186
26192
26215
26239
26242
26248
26250
26262
26263
26273
26277
26279
26295
26347
26363
26367
26423
26429
26440
26444
26447
26450
26454
26455
26456
26466
26471
26479
26492
26494
26496
26505
26559
26572
26597
26598
26600
26609
26624
26630
26643
26650
26687
26693
26698
26710
26715
26720
26726
26727
26740
26744
26745
26746
26747
26751
26789
26792
26827
26835
26860
26861
26928
26935
26939
26949
26980
26984
26991
26992
26994
27040
27051
27062
27064
27068
27070
27078
27091
27107
27115
27131
27136
27164
27166
27181
27195
27196
27214
27231
27240
27272
27282
27283
27288
27290
27304
27316
27339
27342
27401
27411
27423
27441
27456
27458
27460
27479
27488
27490
27504
27547
27549
27562
27578
27585
27595
27598
27638
27641
27648
27649
27655
27659
27675
27680
27688
27698
27706
27709
27722
27750
27756
27771
27790
27797
27808
27814
27830
27838
27854
27862
27871
27882
27885
27892
27902
27917
27918
27936
27945
27946
27947
27968
28016
28021
28039
28051
28056
28064
28076
28089
28137
28144
28157
28171
28175
28180
28181
28187
28192
28195
28199
28207
28208
28233
28250
28257
28259
28272
28314
28318
28337
28339
28356
28364
28387
28388
28390
28398
28412
28415
28439
28448
28449
28458
28507
28515
28532
28536
28549
28574
28581
28587
28597
28607
28614
28624
28632
28633
28665
28676
28679
28688
28702
28727
28754
28768
28773
28783
28790
28809
28852
28863
28873
28875
28892
28936
28940
28947
28975
28984
28993
29021
29043
29048
29053
29060
29067
29073
29074
29087
29096
29101
29102
29136
29140
29142
29143
29145
29161
29164
29175
29176
29180
29184
29199
29214
29221
29225
29230
29243
29288
29293
29304
29306
29333
29334
29335
29343
29387
29388
29401
29430
29447
29460
29462
29466
29469
29473
29479
29501
29517
29521
29523
29530
29543
29544
29548
29570
29575
29576
29577
29602
29605
29621
29633
29656
29674
29684
29695
29698
29709
29711
29713
29736
29764
29802
29808
29811
29815
29831
29834
29881
29886
29939
29940
29945
29949
29952
29954
29959
29967
29972
30058
30063
30076
30104
30107
30116
30126
30128
30133
30139
30142
30148
30162
30166
30180
30190
30217
30223
30238
30247
30252
30254
30265
30286
30304
30316
30318
30322
30333
30355
30381
30388
30404
30407
30426
30458
30461
30462
30466
30481
30484
30509
30511
30529
30535
30563
30584
30587
30619
30625
30626
30641
30648
30664
30670
30694
30699
30702
30712
30722
30729
30732
30798
30806
30820
30825
30861
30864
30866
30868
30878
30879
30885
30894
30935
30961
30986
31014
31016
31023
31030
31065
31076
31107
31111
31127
31134
31137
31148
31173
31177
31185
31189
31206
31214
31219
31222
31224
31236
31249
31257
31261
31275
31276
31300
31303
31304
31308
31310
31317
31320
31352
31353
31356
31371
31374
31380
31393
31416
31422
31433
31435
31446
31452
31503
31514
31537
31567
31586
31612
31614
31615
31643
31645
31648
31704
31706
31708
31731
31747
31765
31768
31772
31777
31783
31785
31792
31812
31817
31827
31834
31835
31841
31850
31852
31857
31860
31864
31878
31897
31924
31940
31942
31948
31956
31978
32020
32021
32024
32060
32063
32065
32074
32082
32091
32093
32104
32139
32144
32162
32166
32174
32175
32179
32180
32181
32182
32195
32210
32212
32229
32248
32265
32267
32287
32313
32351
32375
32377
32393
32394
32399
32400
32429
32433
32461
32465
32473
32493
32500
32503
32504
32528
32546
32558
32560
32567
32573
32577
32604
32649
32653
32655
32672
32683
32702
32710
32729
32731
32734
32746
32755
32757
32800
32811
32825
32828
32831
32844
32866
32875
32888
32921
32934
32947
32950
32965
32976
32986
32994
33026
33033
33044
33058
33068
33070
33133
33135
33149
33161
33167
33190
33194
33196
33262
33292
33294
33309
33317
33324
33328
33330
33354
33362
33363
33366
33368
33386
33392
33398
33404
33420
33427
33446
33450
33457
33461
33464
33475
33492
33515
33527
33533
33540
33542
33572
33620
33645
33693
33695
33706
33708
33727
33731
33749
33765
33794
33815
33820
33823
33841
33854
33867
33903
33909
33922
33937
33949
33955
33981
33992
33996
34006
34008
34011
34012
34024
34030
34035
34073
34081
34114
34145
34154
34192
34199
34200
34242
34247
34258
34299
34323
34351
34361
34380
34393
34399
34411
34425
34433
34438
34457
34470
34482
34495
34496
34498
34504
34529
34536
34554
34589
34618
34640
34669
34688
34691
34712
34724
34729
34774
34783
34840
34854
34859
34870
34871
34878
34903
34919
34939
34945
34953
34959
34960
35009
35014
35017
35020
35049
35054
35059
35060
35070
35074
35080
35087
35099
35100
35101
35107
35109
35111
35123
35124
35143
35149
35153
35164
35185
35186
35187
35198
35203
35211
35215
35235
35238
35249
35259
35290
35305
35307
35311
35320
35349
35357
35359
35360
35372
35373
35390
35397
35420
35433
35439
35445
35449
35460
35466
35491
35492
35494
35515
35518
35539
35558
35581
35584
35591
35593
35605
35609
35619
35621
35624
35631
35646
35650
35658
35661
35664
35676
35679
35688
35693
35700
35708
35715
35742
35747
35756
35775
35777
35797
35798
35815
35818
35826
35869
35870
35873
35877
35884
35888
35891
35898
35903
35907
35939
35942
35953
35957
35988
35997
36014
36029
36072
36084
36086
36095
36121
36122
36141
36148
36155
36168
36198
36212
36216
36242
36276
36283
36284
36287
36351
36352
36355
36375
36400
36403
36419
36422
36424
36452
36455
36463
36489
36506
36518
36523
36538
36539
36548
36563
36570
36572
36576
36582
36608
36614
36624
36649
36655
36658
36689
36709
36759
36764
36785
36801
36806
36827
36850
36864
36869
36897
36898
36907
36917
36925
36938
36956
36958
36964
36973
36987
37005
37014
37017
37026
37035
37062
37068
37094
37095
37111
37151
37168
37171
37176
37188
37213
37216
37226
37231
37252
37253
37286
37294
37295
37302
37303
37321
37328
37333
37344
37346
37355
37358
37373
37377
37412
37418
37421
37422
37423
37433
37455
37502
37549
37550
37566
37569
37579
37599
37606
37608
37621
37628
37654
37663
37680
37690
37700
37701
37704
37708
37709
37718
37749
37752
37760
37778
37781
37791
37802
37803
37819
37846
37851
37868
37874
37888
37895
37912
37928
37938
37945
37952
37964
37997
38001
38002
38034
38035
38065
38074
38083
38091
38098
38120
38123
38140
38145
38167
38178
38190
38206
38209
38239
38249
38252
38257
38259
38261
38265
38278
38284
38297
38301
38303
38305
38346
38396
38424
38450
38451
38481
38500
38513
38514
38553
38572
38583
38594
38601
38609
38615
38627
38654
38664
38668
38685
38732
38741
38750
38761
38763
38803
38805
38818
38822
38824
38826
38849
38896
38899
38907
38916
38919
38932
38980
38985
38989
39003
39043
39059
39065
39074
39089
39120
39136
39143
39144
39165
39173
39177
39179
39181
39184
39185
39221
39231
39233
39238
39249
39266
39294
39299
39303
39307
39311
39312
39315
39338
39339
39342
39407
39409
39436
39466
39467
39468
39472
39497
39505
39507
39508
39514
39528
39529
39548
39549
39570
39577
39580
39601
39612
39615
39622
39627
39630
39635
39639
39642
39650
39662
39677
39685
39717
39718
39722
39743
39745
39767
39774
39782
39794
39799
39825
39831
39835
39844
39847
39887
39891
39908
39914
39937
39938
39943
39946
39952
39955
39981
40010
40043
40050
40056
40074
40083
40102
40107
40116
40128
40139
40168
40171
40213
40224
40233
40277
40282
40299
40307
40311
40331
40332
40357
40360
40367
40373
40374
40378
40380
40386
40399
40408
40414
40420
40450
40452
40474
40480
40513
40540
40542
40587
40594
40597
40611
40623
40645
40651
40656
40670
40678
40681
40689
40692
40707
40731
40745
40763
40797
40814
40819
40837
40844
40854
40880
40928
40957
40979
40985
40993
41022
41027
41036
41061
41065
41069
41071
41076
41101
41108
41112
41128
41129
41148
41178
41183
41187
41198
41219
41226
41240
41255
41256
41258
41259
41262
41264
41265
41269
41288
41303
41330
41359
41368
41386
41388
41408
41418
41436
41457
41463
41464
41484
41505
41510
41523
41528
41533
41539
41540
41555
41563
41564
41593
41599
41621
41623
41646
41650
41664
41667
41715
41726
41739
41743
41788
41803
41810
41822
41832
41833
41839
41872
41879
41884
41889
41892
41895
41922
41925
41940
41950
41951
41952
41959
42013
42019
42026
42029
42033
42042
42049
42060
42062
42102
42108
42120
42124
42129
42140
42143
42144
42152
42157
42182
42183
42188
42206
42208
42216
42217
42229
42246
42256
42284
42296
42300
42319
42331
42346
42358
42361
42362
42367
42386
42404
42405
42441
42445
42459
42469
42474
42475
42482
42487
42494
42536
42539
42549
42567
42579
42587
42594
42619
42628
42644
42672
42675
42679
42716
42730
42732
42735
42743
42749
42763
42779
42781
42795
42799
42804
42807
42816
42822
42828
42841
42842
42850
42855
42861
42862
42870
42877
42881
42883
42885
42886
42913
42922
42942
42948
42959
42962
42963
42978
42982
42985
43010
43018
43021
43037
43045
43055
43072
43078
43085
43103
43136
43152
43156
43171
43205
43208
43219
43233
43239
43248
43251
43271
43283
43287
43306
43310
43312
43313
43342
43369
43372
43386
43396
43401
43404
43426
43427
43431
43434
43436
43451
43462
43483
43505
43517
43538
43544
43545
43551
43553
43556
43571
43574
43599
43601
43606
43625
43631
43636
43654
43673
43688
43699
43715
43725
43729
43738
43739
43742
43755
43756
43757
43766
43775
43828
43833
43836
43862
43866
43883
43934
43940
43951
44003
44044
44055
44059
44099
44119
44144
44151
44162
44163
44194
44220
44227
44258
44262
44265
44294
44301
44328
44329
44353
44367
44368
44371
44373
44374
44423
44436
44452
44476
44486
44498
44560
44569
44590
44591
44596
44601
44612
44632
44640
44652
44689
44690
44698
44700
44701
44733
44758
44776
44777
44779
44784
44821
44823
44840
44842
44848
44867
44875
44884
44893
44897
44903
44909
44924
44941
44972
45010
45011
45016
45024
45026
45052
45055
45057
45069
45078
45113
45122
45131
45137
45143
45158
45190
45191
45224
45229
45230
45231
45232
45233
45238
45253
45265
45270
45274
45282
45283
45285
45286
45292
45324
45330
45338
45341
45406
45407
45411
45412
45421
45450
45457
45466
45479
45481
45485
45487
45488
45493
45497
45502
45509
45542
45549
45564
45580
45595
45597
45612
45618
45619
45626
45628
45630
45633
45635
45689
45700
45705
45712
45724
45737
45742
45767
45773
45793
45803
45807
45814
45820
45822
45851
45862
45868
45874
45875
45889
45894
45916
45934
45936
45950
45959
45970
45976
45985
46001
46003
46009
46011
46013
46018
46026
46056
46059
46068
46086
46088
46089
46091
46097
46109
46110
46126
46141
46189
46193
46203
46238
46242
46251
46259
46272
46276
46293
46296
46299
46301
46304
46305
46309
46311
46314
46352
46356
46360
46367
46374
46400
46406
46416
46444
46456
46460
46469
46479
46497
46507
46544
46550
46556
46563
46583
46587
46594
46603
46609
46612
46614
46627
46631
46639
46661
46678
46683
46702
46758
46798
46813
46814
46850
46854
46857
46859
46860
46863
46866
46868
46871
46877
46889
46893
46894
46903
46908
46953
46961
46962
46966
46983
46985
46989
46990
46991
47007
47012
47021
47032
47034
47038
47040
47045
47057
47067
47074
47078
47080
47083
47105
47108
47115
47120
47123
47147
47157
47158
47160
47181
47185
47188
47199
47204
47211
47223
47225
47249
47256
47264
47267
47312
47324
47341
47346
47359
47362
47388
47398
47433
47434
47444
47481
47499
47528
47563
47572
47574
47575
47577
47585
47588
47603
47616
47627
47642
47647
47650
47695
47704
47707
47737
47749
47751
47775
47779
47790
47804
47817
47818
47838
47841
47842
47852
47862
47870
47874
47875
47879
47893
47902
47911
47916
47917
47929
47933
47964
47971
47978
47994
48003
48007
48011
48019
48020
48021
48033
48036
48041
48049
48054
48056
48062
48072
48076
48085
48098
48122
48124
48134
48138
48141
48143
48148
48164
48168
48170
48171
48179
48189
48222
48258
48261
48273
48281
48316
48319
48335
48349
48353
48365
48380
48383
48389
48390
48400
48417
48430
48431
48439
48463
48465
48475
48484
48485
48490
48508
48516
48541
48544
48571
48578
48585
48597
48600
48628
48632
48639
48646
48654
48662
48667
48694
48696
48725
48727
48729
48730
48736
48745
48758
48769
48780
48785
48786
48793
48809
48811
48818
48852
48859
48865
48881
48891
48896
48897
48905
48930
48960
48967
48978
48992
48994
49000
49005
49021
49023
49025
49026
49058
49070
49074
49085
49087
49110
49112
49142
49147
49159
49172
49175
49193
49203
49204
49217
49229
49230
49240
49242
49274
49276
49285
49292
49302
49322
49328
49343
49361
49423
49424
49426
49439
49462
49470
49471
49476
49491
49493
49544
49563
49567
49571
49573
49578
49580
49581
49582
49585
49619
49623
49648
49650
49651
49663
49699
49700
49702
49709
49728
49732
49737
49745
49749
49785
49795
49800
49806
49834
49836
49837
49878
49910
49930
49955
49959
49966
49971
49973
49979
49988
49993
50024
50036
50086
50087
50090
50115
50116
50158
50161
50167
50194
50201
50219
50225
50227
50260
50275
50287
50296
50302
50312
50339
50349
50374
50386
50389
50398
50439
50467
50475
50483
50491
50495
50507
50509
50517
50519
50528
50547
50562
50567
50577
50586
50617
50622
50623
50625
50638
50652
50653
50664
50673
50682
50689
50700
50708
50710
50712
50720
50728
50743
50747
50748
50750
50756
50761
50766
50786
50801
50811
50814
50822
50823
50866
50872
50880
50896
50914
50937
50950
50987
51031
51054
51079
51086
51094
51121
51135
51139
51144
51151
51156
51170
51186
51195
51219
51221
51227
51263
51283
51308
51327
51331
51353
51355
51375
51405
51435
51449
51453
51470
51473
51475
51479
51507
51510
51516
51517
51519
51544
51555
51563
51568
51583
51589
51594
51599
51630
51652
51654
51655
51659
51664
51665
51688
51693
51700
51712
51729
51761
51770
51784
51817
51822
51824
51830
51836
51850
51855
51862
51880
51881
51885
51926
51950
51957
51980
51984
52008
52018
52021
52023
52046
52047
52065
52074
52088
52091
52103
52104
52106
52110
52118
52139
52170
52176
52185
52195
52197
52220
52226
52228
52231
52236
52238
52267
52306
52322
52324
52332
52337
52352
52369
52372
52373
52384
52413
52429
52439
52446
52448
52452
52463
52469
52472
52479
52485
52490
52546
52557
52561
52563
52566
52601
52603
52619
52636
52652
52654
52656
52663
52667
52673
52676
52681
52682
52688
52694
52711
52727
52733
52738
52741
52744
52749
52756
52758
52760
52767
52776
52785
52802
52807
52809
52836
52850
52870
52871
52888
52892
52896
52910
52912
52917
52970
52972
52973
52979
52995
53000
53042
53046
53077
53078
53080
53081
53083
53087
53096
53098
53107
53110
53112
53113
53130
53132
53150
53153
53163
53192
53193
53194
53224
53229
53230
53235
53240
53241
53270
53298
53304
53352
53356
53362
53374
53385
53388
53395
53407
53416
53437
53459
53476
53488
53517
53536
53547
53572
53597
53612
53621
53636
53644
53651
53660
53690
53700
53707
53769
53771
53782
53784
53790
53796
53841
53845
53849
53858
53875
53878
53895
53897
53910
53990
53997
54006
54010
54013
54015
54024
54055
54057
54063
54068
54087
54095
54102
54112
54113
54119
54155
54174
54178
54239
54256
54266
54269
54283
54290
54323
54327
54341
54350
54362
54366
54377
54382
54407
54418
54449
54469
54489
54503
54510
54519
54558
54576
54580
54584
54591
54596
54614
54619
54620
54621
54631
54646
54659
54664
54674
54690
54711
54714
54738
54752
54765
54782
54793
54817
54818
54846
54847
54862
54865
54869
54891
54940
54958
54960
54964
54968
54969
54979
54980
54991
54998
55023
55026
55039
55056
55074
55087
55099
55102
55125
55130
55131
55152
55168
55180
55187
55190
55222
55225
55262
55277
55297
55306
55307
55323
55326
55365
55384
55405
55411
55434
55440
55459
55462
55487
55488
55489
55496
55508
55516
55526
55537
55571
55580
55582
55589
55592
55621
55633
55634
55636
55650
55651
55657
55674
55693
55700
55731
55767
55772
55781
55807
55808
55811
55833
55850
55860
55866
55878
55899
55940
55941
55956
55958
55960
55964
55973
55991
56006
56007
56043
56050
56057
56076
56094
56107
56148
56149
56157
56178
56186
56194
56216
56218
56234
56235
56260
56284
56292
56297
56379
56384
56404
56453
56454
56456
56470
56475
56490
56500
56503
56519
56534
56536
56540
56559
56570
56578
56620
56644
56645
56660
56664
56685
56696
56700
56707
56720
56724
56794
56797
56804
56807
56808
56809
56835
56836
56857
56867
56870
56872
56874
56901
56927
56930
56934
56958
56978
56993
57000
57030
57041
57051
57078
57115
57125
57142
57147
57164
57179
57181
57204
57218
57223
57230
57253
57259
57261
57262
57288
57311
57363
57369
57373
57380
57381
57397
57412
57420
57421
57423
57431
57436
57487
57489
57506
57510
57519
57523
57533
57545
57556
57561
57583
57586
57589
57590
57598
57611
57620
57664
57679
57700
57732
57759
57763
57780
57785
57796
57797
57802
57803
57826
57827
57863
57866
57879
57881
57892
57893
57899
57905
57983
57998
58001
58003
58011
58027
58036
58037
58045
58093
58115
58133
58134
58150
58187
58189
58208
58213
58222
58240
58241
58248
58270
58273
58286
58307
58309
58315
58323
58342
58347
58348
58356
58401
58433
58473
58485
58500
58501
58508
58511
58515
58549
58554
58562
58576
58578
58583
58589
58597
58601
58603
58605
58606
58612
58615
58627
58629
58633
58650
58656
58672
58685
58724
58727
58740
58752
58769
58781
58788
58790
58792
58795
58801
58829
58832
58843
58862
58878
58879
58932
58938
58949
58950
58955
58965
58976
58982
58990
59001
59009
59016
59023
59031
59040
59046
59049
59072
59093
59098
59153
59154
59159
59162
59173
59182
59218
59220
59230
59237
59241
59258
59264
59266
59278
59280
59298
59316
59355
59364
59370
59392
59393
59400
59403
59418
59427
59430
59448
59449
59450
59458
59461
59465
59466
59474
59484
59488
59494
59499
59502
59504
59505
59519
59543
59555
59570
59590
59594
59598
59600
59605
59614
59623
59629
59631
59633
59638
59662
59663
59665
59676
59689
59695
59730
59749
59757
59765
59786
59789
59822
59823
59825
59827
59845
59858
59864
59872
59883
59948
59960
59968
59986
59988
59999
60008
60010
60014
60018
60019
60027
60041
60048
60079
60082
60085
60090
60098
60118
60122
60130
60142
60149
60159
60168
60170
60173
60181
60189
60206
60207
60220
60228
60304
60306
60312
60314
60321
60333
60339
60347
60348
60372
60395
60409
60413
60421
60426
60431
60434
60471
60490
60511
60522
60528
60530
60560
60566
60570
60571
60573
60580
60592
60593
60621
60638
60659
60670
60671
60684
60723
60729
60744
60746
60752
60772
60778
60779
60797
60801
60820
60821
60822
60826
60845
60857
60859
60863
60871
60885
60886
60889
60912
60950
60972
60975
60998
61013
61028
61037
61053
61058
61075
61090
61091
61098
61106
61116
61124
61128
61141
61148
61150
61171
61189
61201
61203
61211
61218
61227
61234
61257
61273
61286
61295
61296
61300
61326
61330
61338
61343
61354
61370
61376
61388
61393
61399
61408
61410
61421
61438
61443
61445
61453
61458
61463
61475
61500
61510
61527
61553
61557
61578
61581
61585
61599
61604
61632
61639
61649
61659
61669
61686
61692
61713
61716
61726
61730
61732
61741
61748
61757
61765
61776
61799
61809
61822
61831
61842
61872
61916
61922
61927
61948
61993
61998
61999
62030
62040
62042
62055
62056
62064
62072
62081
62086
62125
62140
62171
62200
62210
62213
62218
62248
62254
62268
62284
62296
62297
62302
62351
62368
62373
62381
62394
62415
62417
62424
62431
62441
62442
62454
62502
62507
62524
62526
62543
62550
62553
62557
62572
62581
62619
62623
62627
62629
62646
62654
62659
62676
62677
62685
62748
62750
62758
62761
62768
62780
62781
62790
62795
62814
62815
62887
62898
62903
62921
62981
62988
63005
63014
63016
63026
63060
63065
63079
63088
63091
63107
63109
63126
63134
63152
63164
63169
63174
63177
63193
63202
63232
63233
63243
63247
63261
63263
63279
63281
63292
63305
63322
63326
63327
63335
63349
63354
63355
63365
63376
63385
63400
63406
63416
63422
63431
63455
63456
63478
63486
63499
63500
63522
63527
63541
63557
63582
63588
63593
63595
63601
63613
63619
63620
63625
63629
63659
63678
63690
63714
63735
63746
63752
63759
63766
63830
63831
63840
63859
63862
63865
63879
63906
63919
63920
63922
63946
63960
64004
64045
64077
64102
64104
64112
64115
64127
64133
64153
64187
64190
64194
64201
64215
64229
64240
64261
64270
64274
64278
64309
64333
64342
64346
64352
64357
64370
64386
64390
64405
64407
64424
64427
64430
64433
64440
64444
64457
64469
64505
64517
64524
64533
64538
64549
64560
64591
64621
64639
64643
64653
64654
64655
64657
64672
64692
64695
64702
64707
64713
64727
64738
64741
64768
64774
64775
64776
64779
64813
64815
64816
64817
64818
64840
64849
64853
64859
64864
64881
64898
64902
64908
64918
64945
64950
64955
64959
64971
64983
64985
64998
65006
65010
65014
65017
65031
65035
65060
65076
65106
65109
65131
65137
65165
65174
65179
65180
65221
65237
65263
65266
65276
65284
65290
65310
65322
65331
65357
65378
65389
65399
65400
65427
65439
65465
65478
65479
65481
65498
65510
65513
65523
65554
65603
65660
65666
65678
65701
65708
65743
65747
65753
65773
65781
65782
65789
65806
65822
65828
65843
65846
65848
65864
65883
65920
65927
65944
65948
65967
65973
65979
65991
65995
66002
66005
66037
66039
66053
66066
66072
66073
66077
66085
66088
66089
66103
66116
66140
66167
66175
66178
66205
66225
66237
66240
66247
66268
66294
66311
66315
66316
66317
66319
66332
66339
66346
66367
66392
66401
66404
66412
66413
66428
66433
66439
66446
66461
66473
66474
66484
66512
66522
66534
66538
66566
66578
66581
66599
66625
66632
66639
66649
66655
66660
66669
66672
66675
66731
66735
66741
66757
66758
66771
66792
66804
66812
66831
66852
66861
66866
66872
66873
66886
66889
66890
66905
66922
66955
66973
66977
66988
66992
66995
67003
67012
67049
67059
67079
67085
67107
67112
67115
67118
67135
67150
67164
67165
67166
67176
67193
67203
67210
67213
67217
67223
67228
67245
67252
67285
67292
67294
67296
67306
67393
67431
67467
67482
67490
67491
67514
67515
67517
67532
67542
67548
67551
67570
67603
67623
67628
67691
67705
67712
67735
67739
67750
67759
67773
67786
67822
67842
67850
67852
67873
67874
67896
67911
67912
67934
67938
67970
67981
67983
67986
67988
67991
68006
68019
68059
68073
68086
68094
68098
68111
68117
68128
68139
68144
68145
68146
68147
68175
68196
68210
68219
68237
68243
68260
68262
68275
68278
68310
68315
68337
68360
68379
68386
68393
68402
68414
68447
68449
68453
68458
68459
68465
68481
68496
68510
68513
68538
68540
68548
68552
68560
68611
68615
68619
68631
68646
68647
68679
68694
68710
68731
68739
68744
68753
68755
68765
68771
68816
68852
68859
68866
68869
68874
68879
68884
68910
68912
68917
68926
68949
68957
68972
68981
69009
69023
69024
69025
69035
69036
69078
69101
69102
69108
69117
69127
69132
69140
69147
69158
69163
69168
69194
69206
69207
69208
69234
69235
69260
69262
69271
69273
69276
69297
69301
69314
69315
69404
69413
69419
69427
69430
69434
69439
69458
69461
69466
69469
69471
69494
69498
69500
69507
69508
69510
69519
69550
69551
69566
69568
69576
69581
69604
69611
69617
69629
69636
69642
69654
69673
69703
69720
69755
69761
69785
69813
69814
69816
69822
69826
69827
69833
69837
69860
69876
69878
69884
69893
69911
69924
69961
69963
69965
69971
69987
69991
69999
70002
70005
70016
70020
70024
70039
70066
70072
70084
70098
70130
70148
70161
70186
70187
70207
70217
70220
70294
70303
70310
70318
70327
70336
70341
70349
70350
70352
70360
70367
70368
70387
70402
70427
70428
70453
70463
70486
70515
70523
70535
70543
70559
70582
70583
70595
70600
70610
70619
70626
70645
70647
70669
70705
70717
70718
70733
70768
70774
70785
70796
70802
70811
70822
70839
70848
70856
70874
70894
70899
70904
70905
70916
70922
70923
70950
70965
70977
70979
70986
71004
71034
71037
71040
71042
71049
71054
71084
71091
71100
71102
71107
71111
71162
71172
71192
71216
71223
71276
71279
71282
71290
71299
71305
71311
71339
71343
71351
71357
71361
71364
71367
71369
71375
71381
71388
71446
71451
71462
71463
71480
71496
71499
71505
71515
71522
71524
71540
71599
71613
71616
71629
71655
71698
71710
71714
71737
71762
71779
71786
71796
71807
71813
71831
71835
71838
71864
71882
71884
71921
71923
71926
71930
71937
71944
71945
71986
71988
71989
72037
72046
72047
72098
72101
72116
72121
72167
72179
72184
72231
72251
72253
72257
72267
72297
72299
72325
72345
72381
72388
72389
72395
72401
72415
72435
72443
72470
72500
72577
72579
72588
72590
72591
72607
72634
72639
72647
72650
72666
72670
72672
72697
72713
72717
72718
72725
72756
72789
72791
72798
72808
72809
72814
72856
72869
72871
72877
72881
72884
72915
72922
72928
72932
72964
72985
72999
73005
73019
73022
73036
73039
73055
73057
73061
73074
73127
73130
73138
73211
73224
73226
73246
73258
73273
73284
73315
73321
73326
73341
73344
73350
73385
73386
73403
73411
73418
73432
73439
73442
73457
73461
73483
73491
73492
73546
73578
73579
73594
73601
73602
73612
73619
73621
73627
73665
73677
73681
73695
73719
73735
73738
73747
73755
73788
73792
73797
73798
73801
73837
73839
73842
73843
73844
73861
73870
73893
73911
73912
73917
73924
73925
73935
73939
74021
74031
74045
74055
74088
74100
74109
74125
74126
74132
74144
74157
74177
74178
74196
74216
74225
74229
74235
74236
74247
74252
74256
74258
74283
74284
74298
74302
74315
74329
74343
74350
74352
74354
74355
74366
74380
74391
74393
74420
74443
74451
74452
74468
74473
74484
74487
74508
74515
74519
74522
74551
74552
74560
74571
74573
74576
74587
74597
74604
74605
74617
74630
74657
74659
74687
74705
74719
74722
74737
74775
74787
74791
74812
74816
74819
74837
74852
74864
74867
74879
74887
74890
74892
74893
74924
74954
74962
74980
75003
75014
75019
75020
75040
75078
75079
75081
75087
75089
75101
75106
75111
75119
75121
75148
75162
75198
75207
75252
75259
75271
75276
75279
75284
75308
75309
75326
75328
75361
75375
75376
75384
75405
75410
75411
75420
75423
75432
75441
75459
75467
75492
75496
75497
75515
75518
75524
75535
75551
75557
75563
75581
75609
75625
75627
75646
75666
75673
75679
75685
75686
75715
75721
75734
75743
75751
75755
75761
75773
75783
75788
75792
75812
75822
75827
75830
75860
75862
75864
75881
75895
75919
75920
75934
75941
75942
75977
75983
75989
75994
76031
76042
76045
76046
76052
76054
76066
76071
76086
76100
76124
76125
76131
76164
76179
76182
76192
76195
76198
76209
76219
76244
76247
76263
76284
76292
76306
76346
76364
76367
76373
76389
76405
76406
76408
76418
76424
76449
76454
76469
76488
76495
76515
76520
76525
76528
76546
76557
76570
76594
76601
76611
76635
76637
76644
76660
76679
76682
76693
76699
76718
76726
76738
76741
76749
76751
76754
76761
76795
76804
76810
76823
76824
76835
76844
76859
76870
76893
76897
76916
76922
76931
76949
77022
77025
77042
77063
77075
77076
77078
77089
77090
77115
77121
77178
77188
77193
77230
77232
77234
77240
77243
77258
77307
77315
77326
77330
77367
77374
77383
77387
77402
77408
77426
77429
77449
77476
77489
77550
77563
77577
77589
77605
77627
77629
77633
77657
77691
77696
77697
77716
77740
77752
77762
77803
77807
77816
77823
77828
77829
77847
77848
77875
77920
77923
77926
77928
77935
77942
77967
77976
77980
77988
78013
78025
78026
78033
78041
78050
78059
78060
78068
78075
78087
78118
78126
78128
78137
78138
78155
78168
78179
78194
78197
78205
78222
78226
78236
78238
78241
78242
78248
78261
78267
78270
78272
78275
78283
78292
78298
78305
78313
78328
78337
78345
78359
78365
78375
78399
78424
78443
78485
78501
78521
78554
78558
78567
78592
78594
78611
78641
78642
78656
78663
78676
78679
78697
78699
78714
78717
78728
78741
78770
78774
78789
78790
78803
78809
78827
78844
78846
78863
78883
78910
78915
78926
78933
78935
78938
78959
78977
78994
79013
79017
79021
79028
79035
79037
79041
79047
79049
79073
79096
79144
79173
79193
79212
79216
79234
79258
79260
79263
79265
79268
79274
79292
79293
79294
79318
79323
79370
79416
79424
79443
79450
79458
79477
79488
79491
79520
79521
79525
79527
79552
79562
79583
79604
79612
79641
79650
79651
79652
79691
79725
79733
79738
79770
79781
79790
79817
79823
79849
79871
79877
79897
79907
79918
79922
79925
79954
79962
79973
79979
80007
80010
80020
80035
80048
80055
80059
80070
80105
80108
80113
80115
80123
80138
80149
80154
80172
80173
80178
80188
80202
80213
80222
80223
80229
80238
80250
80271
80279
80299
80306
80311
80314
80320
80335
80337
80366
80391
80436
80451
80454
80457
80471
80496
80517
80518
80531
80536
80545
80555
80556
80634
80643
80650
80663
80701
80723
80735
80742
80757
80792
80806
80822
80831
80856
80866
80870
80872
80892
80915
80916
80945
80965
80969
81002
81020
81035
81042
81044
81059
81060
81077
81083
81091
81125
81135
81168
81175
81195
81202
81210
81218
81242
81255
81256
81257
81304
81319
81330
81337
81348
81351
81364
81370
81384
81395
81396
81430
81435
81443
81451
81456
81458
81485
81502
81509
81523
81560
81578
81600
81612
81634
81652
81658
81664
81666
81668
81669
81705
81711
81756
81760
81770
81771
81772
81776
81781
81813
81814
81861
81867
81892
81893
81916
81917
81924
81929
81962
81963
81989
81991
81995
82004
82007
82016
82018
82047
82058
82061
82069
82074
82078
82088
82090
82112
82117
82179
82199
82202
82225
82227
82242
82243
82290
82306
82314
82329
82330
82365
82384
82389
82395
82404
82415
82421
82423
82425
82439
82445
82460
82473
82493
82508
82520
82531
82557
82562
82566
82591
82596
82600
82615
82627
82633
82637
82680
82683
82702
82710
82832
82833
82855
82876
82900
82902
82906
82912
82944
82950
82989
82999
83004
83011
83016
83019
83032
83044
83069
83076
83078
83108
83114
83115
83122
83145
83152
83167
83174
83184
83188
83193
83197
83198
83212
83217
83218
83223
83226
83227
83237
83238
83241
83242
83244
83257
83266
83273
83277
83298
83304
83321
83369
83418
83445
83457
83469
83489
83493
83503
83516
83532
83545
83553
83566
83567
83618
83629
83630
83647
83649
83669
83678
83683
83687
83715
83716
83732
83738
83788
83820
83824
83829
83834
83846
83851
83855
83858
83868
83869
83874
83875
83879
83887
83899
83917
83972
83977
83979
84009
84014
84020
84044
84049
84090
84098
84145
84176
84179
84185
84194
84216
84222
84233
84245
84249
84255
84257
84269
84277
84278
84284
84306
84336
84348
84353
84367
84369
84388
84396
84408
84425
84429
84431
84432
84443
84453
84469
84474
84491
84506
84507
84509
84517
84518
84544
84560
84601
84604
84608
84643
84651
84679
84680
84694
84699
84700
84708
84717
84727
84776
84778
84789
84809
84838
84849
84872
84875
84890
84954
84979
84981
85002
85007
85009
85016
85027
85031
85039
85052
85070
85098
85114
85116
85126
85188
85189
85194
85200
85212
85225
85227
85234
85241
85251
85257
85284
85292
85322
85327
85348
85358
85362
85370
85398
85420
85423
85429
85434
85455
85470
85488
85512
85520
85552
85553
85565
85576
85583
85599
85611
85612
85632
85636
85637
85641
85692
85693
85698
85735
85751
85758
85762
85765
85791
85804
85813
85820
85823
85826
85832
85838
85841
85852
85879
85895
85901
85903
85907
85909
85915
85923
85925
85928
85966
85977
85984
85999
86029
86032
86045
86052
86062
86064
86076
86082
86097
86101
86106
86116
86141
86151
86161
86162
86168
86190
86195
86197
86203
86204
86216
86226
86231
86243
86279
86290
86292
86294
86299
86342
86376
86385
86406
86414
86428
86445
86456
86497
86498
86528
86569
86573
86592
86595
86618
86633
86635
86671
86704
86712
86744
86757
86772
86776
86808
86831
86838
86841
86844
86847
86849
86853
86861
86865
86882
86887
86902
86936
86938
86944
86982
86990
87023
87027
87044
87063
87083
87088
87098
87139
87172
87173
87180
87201
87228
87237
87242
87272
87283
87305
87306
87323
87373
87383
87423
87425
87426
87430
87439
87442
87460
87477
87511
87568
87583
87608
87618
87626
87678
87683
87694
87703
87719
87728
87780
87789
87807
87826
87895
87936
87949
87998
87999
88009
88025
88037
88048
88072
88126
88135
88137
88143
88170
88191
88204
88213
88215
88217
88227
88241
88243
88253
88274
88280
88309
88311
88315
88316
88322
88323
88324
88351
88391
88401
88421
88470
88481
88503
88513
88538
88544
88547
88565
88568
88573
88576
88580
88594
88604
88622
88652
88664
88666
88679
88707
88730
88783
88787
88792
88831
88833
88843
88866
88876
88881
88892
88895
88898
88905
88909
88918
88923
88932
88949
88965
88969
88987
88992
88994
88996
88999
89008
89018
89020
89024
89028
89030
89041
89087
89096
89111
89129
89155
89185
89205
89209
89229
89242
89265
89351
89366
89378
89406
89442
89445
89470
89472
89474
89480
89484
89507
89516
89569
89581
89582
89583
89587
89596
89600
89636
89648
89654
89657
89660
89674
89678
89692
89698
89705
89709
89723
89726
89730
89743
89745
89746
89752
89754
89765
89772
89786
89787
89792
89794
89816
89824
89838
89857
89865
89867
89879
89913
89916
89983
89984
89991
89995
89999
90006
90015
90049
90055
90071
90089
90093
90120
90123
90137
90154
90190
90191
90196
90198
90223
90227
90230
90232
90237
90247
90262
90268
90288
90313
90318
90336
90342
90344
90345
90349
90351
90354
90387
90400
90431
90432
90461
90468
90480
90482
90531
90532
90535
90555
90574
90600
90605
90606
90635
90642
90646
90660
90678
90679
90680
90705
90720
90729
90733
90752
90771
90776
90780
90819
90824
90830
90838
90840
90856
90877
90882
90885
90899
90916
90919
90927
90941
90958
90967
90975
90978
90985
91011
91028
91030
91046
91047
91082
91090
91114
91131
91137
91151
91161
91166
91200
91208
91211
91212
91219
91250
91260
91271
91277
91280
91309
91312
91313
91348
91368
91369
91412
91413
91418
91422
91472
91486
91493
91499
91522
91524
91530
91546
91567
91614
91621
91711
91716
91726
91729
91740
91748
91751
91759
91761
91766
91833
91836
91840
91843
91849
91859
91861
91864
91869
91871
91875
91889
91893
91910
91914
91927
92002
92003
92006
92024
92080
92146
92172
92186
92187
92190
92193
92199
92211
92212
92214
92224
92230
92231
92241
92248
92251
92262
92267
92276
92287
92306
92311
92320
92337
92341
92345
92348
92359
92362
92366
92375
92379
92384
92423
92444
92484
92508
92518
92525
92537
92544
92547
92552
92563
92586
92589
92593
92600
92606
92624
92642
92667
92696
92697
92705
92706
92707
92719
92723
92733
92754
92764
92772
92794
92800
92845
92852
92853
92874
92876
92911
92924
92927
92934
92956
92998
92999
93027
93049
93051
93068
93085
93090
93107
93115
93119
93136
93139
93160
93167
93213
93217
93228
93264
93315
93316
93338
93348
93352
93371
93376
93404
93430
93447
93448
93481
93482
93488
93503
93518
93524
93536
93553
93569
93589
93606
93608
93620
93625
93630
93644
93675
93692
93712
93713
93715
93729
93737
93743
93788
93798
93840
93843
93848
93863
93865
93882
93885
93896
93918
93945
93962
93974
93984
94014
94015
94035
94036
94043
94059
94060
94067
94074
94081
94086
94089
94091
94099
94130
94140
94154
94162
94182
94200
94208
94222
94270
94280
94284
94285
94297
94312
94318
94337
94338
94341
94354
94355
94364
94374
94434
94442
94447
94461
94468
94488
94508
94512
94513
94521
94526
94533
94535
94543
94554
94561
94576
94651
94670
94679
94693
94697
94698
94724
94756
94766
94776
94795
94798
94816
94847
94853
94862
94868
94870
94877
94879
94913
94927
94935
94951
94952
94986
94988
94995
95023
95035
95045
95057
95071
95077
95086
95088
95104
95109
95124
95133
95164
95176
95193
95198
95202
95207
95210
95221
95243
95245
95248
95257
95266
95305
95309
95319
95333
95366
95394
95395
95410
95423
95424
95429
95432
95439
95451
95457
95461
95471
95474
95488
95505
95511
95523
95527
95533
95541
95547
95584
95589
95590
95599
95604
95616
95625
95648
95649
95652
95656
95667
95705
95706
95717
95729
95738
95743
95746
95749
95751
95755
95766
95781
95784
95792
95805
95806
95811
95812
95817
95818
95821
95823
95827
95828
95848
95850
95867
95886
95893
95904
95913
95914
95931
95981
96002
96034
96046
96054
96073
96104
96109
96118
96144
96187
96211
96212
96240
96286
96334
96340
96361
96394
96413
96414
96452
96455
96568
96575
96643
96708
96758
96842
96868
96916
96966
97069
97112
97113
97212
97254
97272
97347
97371
97412
97459
97467
97592
97667
97768
97771
97832
97843
97882
98048
98052
98079
98248
98401
98444
98503
98507
98544
98742
98775
99108
99109
99118
99270
99321
99337
99729
99731
99775
99811
99856
99920
100252
100254
100293
100352
100376
100399
100415
100416
100424
101145
101228
101258
101316
101438
101566
102907
103192
103208
103219
103224
103243
103428
103456
103480
103537
107678
107710
107811
107917
107944
107986
107988
108030
108194
108261
108274
108291
108294
108318
108463
132556
148336
148357
148490
148654
148682
148767
148880
148887
148923
148927
148979
149047
149117
149253
149355
149360
149362
149620
149765
149772
149773
149837
149984
149991
150005
150223
150446
150503
150512
150516
150703
150728
150891
150899
150907
150912
151285
151364
151367
151374
152053
152087
152116
152127
152755
153003
153070
153084
153112
153113
153130
153181
153277
153429
153468
153926
154074
154231
154495
154599
154734
154879
154938
154979
154984
154996
155193
155355
155377
155389
155664
155681
155837
155875
155953
156007
156095
156102
156144
156301
156606
156926
156970
157049
157091
157387
157673
157807
157909
158514
158651
158740
158782
158808
158825
158826
158889
158893
158916
158926
158927
158934
158956
159010
159071
159130
159217
159220
159313
159342
159408
159455
159546
159555
159578
159641
159885
159921
159931
160003
160103
160187
160385
160400
160427
160608
160637
160668
160867
160981
161011
161126
161192
161269
161293
161349
161393
161530
161572
161629
161824
161910
161956
161986
162082
162183
162217
162277
162376
162648
162705
162997
163264
163457
163473
163533
163587
163749
164087
164149
164238
164253
164367
164369
164377
164436
164734
164986
164993
165120
165187
165298
165393
165415
165530
165739
166109
166236
166397
166412
166429
166656
166716
166802
166924
166945
167027
167212
167233
167446
167468
167494
167777
167802
167975
168372
168566
168752
168953
168959
168964
169056
169086
169088
169091
169092
169127
169175
169182
169298
169318
169319
169384
169412
169417
169419
169425
169433
169450
169453
169479
169514
169535
169556
169568
169572
169580
169634
169641
169675
169684
169685
169716
169753
169770
169791
169800
169814
169820
169909
170099
170358
170400
170437
170546
170651
170802
170834
170905
171073
171270
171313
171326
171399
171573
171832
171970
172089
172115
172131
172141
172243
172251
172357
172359
172439
172584
172823
172920
173029
173131
173160
173171
173352
173362
173467
173499
173533
173534
173618
174010
174018
174149
174183
174349
174468
174566
174582
174663
174677
174720
174912
174937
174979
175016
175130
175256
175260
175432
175525
175757
175834
175858
175967
175975
176028
176330
176335
176585
176590
176635
176733
176904
176946
177025
177049
177065
177099
177101
177211
177224
177417
177422
177460
177519
177578
177626
177652
177815
177838
177921
178005
178006
178102
178171
178229
178341
178399
178404
178478
178499
178504
178542
178555
178642
178687
178833
178873
178909
178973
179093
179210
179418
179419
179577
179610
179831
179932
180039
180094
180159
180225
180774
180800
181008
181141
181163
181314
181385
181462
181546
181567
181627
181647
181797
181849
182076
182187
182237
182333
182383
182501
182621
182745
182848
183002
183005
183044
183108
183208
183276
183316
183585
183660
183662
183794
183849
184196
184252
184350
184639
184761
184945
184997
185129
185137
185169
185194
185318
185541
185624
185628
185640
185745
185757
185763
185766
185769
185831
185872
185952
186000
186047
186055
186121
186301
186371
186448
186670
186691
186693
186758
186846
186910
186974
187049
187093
187141
187332
187497
187522
187928
187948
188079
188129
188163
188335
188391
188502
188557
188600
188643
188828
188988
189077
189282
189333
189347
189476
189643
189819
189848
189912
189976
189995
190094
190214
190217
190288
190414
190459
190526
190578
190769
190810
190955
191061
191145
191439
191489
191551
191565
191567
191789
191839
191889
192048
192084
192143
192297
192333
192456
192596
192748
192917
193108
193156
193340
193380
193420
193491
193649
193699
193767
193793
193946
194679
194793
194858
195057
195104
195132
195190
195331
195397
195453
195604
195961
196051
196080
196286
196288
196303
196353
196499
196510
196511
196553
196588
196718
196829
196982
197041
197060
197069
197209
197366
197482
197517
197559
197569
197593
197792
198111
198120
198209
198280
198510
198701
198839
198857
199209
199231
199252
199438
199501
199639
199676
199724
199732
199771
199874
199956
200187
200190
200198
200368
200421
200560
200647
200695
200717
200730
200731
200748
200755
200826
200889
200899
200989
201128
201252
201294
201365
201468
201499
201826
201897
201962
202176
202189
202253
202295
202344
202353
202378
202429
202490
202495
202528
202963
202984
203127
203142
203195
203204
203205
203286
203465
203481
203500
203602
203673
203871
203947
204205
204228
204418
204517
204560
204659
204676
204744
204778
204811
204952
205011
205368
205627
205788
205918
205931
206114
206299
206331
206361
206546
206642
206743
206817
206840
206886
207031
207103
207119
207243
207311
207332
207515
207550
207972
207997
208174
208312
208380
208498
208517
208709
208711
208745
208781
208834
208901
209017
209179
209214
209284
209370
209398
209409
209656
209682
209910
209916
209963
210075
210251
210307
210344
210565
210659
210662
210772
210801
210852
210961
211055
211117
211119
211178
211205
211216
211558
211853
211963
212000
212097
212154
212161
212192
212205
212332
212429
212818
212915
213338
213390
213589
213672
213675
213703
213977
214136
214241
214555
214693
214701
214715
214818
214945
215041
215113
215222
215300
215329
215448
215769
216108
216166
216263
216330
216385
216660
216712
216826
216963
217049
217200
217369
217385
217422
217558
217595
217617
217663
217704
217774
217796
217824
218017
218048
218239
218329
218400
218458
218648
218723
218746
218804
218849
218870
218881
218906
218985
219030
219042
219069
219117
219537
219560
219907
219926
220014
220107
220347
220649
220850
221350
221591
221595
221699
221715
221798
221977
222107
222185
222237
222534
222542
222543
222839
223043
223090
223157
223170
223242
223263
223432
223497
223915
223957
223997
224289
224290
224397
224479
224512
224603
224649
224772
224996
225293
225325
225353
225389
225496
225785
226185
226366
226444
226552
226776
226796
226819
226958
227007
227059
227146
227164
227276
227475
227628
228088
228109
228216
228299
228350
228354
228601
228786
228821
229200
229306
229339
229346
229583
229670
229757
229888
229975
230046
230205
230219
230239
230284
230324
230773
230797
230803
230904
230910
230967
231048
231064
231138
231142
231360
231426
231564
231861
231867
231979
232107
232448
232845
232851
232866
233286
233564
233662
233671
233677
233700
233737
233762
233778
233962
234329
234436
234458
234526
234927
234989
235093
235110
235333
235423
235476
235948
235966
236163
236230
236246
236370
236472
236802
236905
236985
237084
237117
237137
237396
237419
237511
237597
237626
237635
237669
237694
237696
237711
237887
238123
238376
238439
238694
238884
238945
238958
238968
238972
239064
239232
239350
239361
239411
239460
239575
239581
239582
239724
239959
240115
240199
240258
240301
240385
240627
240647
240798
241034
241326
241493
241598
241674
241875
241889
241987
242011
242185
242402
242771
243010
243308
243418
243916
244003
244014
244107
244148
244249
244464
244719
244789
244928
244967
245233
245287
245335
245587
245610
245720
245796
245875
245894
245994
246029
246057
246160
246259
246336
246445
246462
246610
246704
246782
246827
246855
246928
247033
247081
247152
247175
247464
248059
